<?xml version="1.0" encoding="UTF-8"?>
<kml xmlns="http://www.opengis.net/kml/2.2">
<Document>
<name>Ranh giới KCN/CCN tỉnh Lào Cai</name>
<description><![CDATA[Nguồn: Sở Công Thương tỉnh Lào Cai — tọa độ VN-2000 KTT 104°45' chuyển sang WGS84. Gồm 17 KCN và 41 CCN.]]></description>
<Style id="kcn">
 <LineStyle><color>ff1f6fea</color><width>2.2</width></LineStyle>
 <PolyStyle><color>4d1f6fea</color></PolyStyle>
 <BalloonStyle><text><![CDATA[$[description]]]></text></BalloonStyle></Style>
<Style id="ccn">
 <LineStyle><color>ff2ea043</color><width>2.0</width></LineStyle>
 <PolyStyle><color>4d2ea043</color></PolyStyle>
 <BalloonStyle><text><![CDATA[$[description]]]></text></BalloonStyle></Style>
<Folder><name>Khu công nghiệp (KCN)</name>
<Placemark><name>KCN Phía Nam</name><styleUrl>#kcn</styleUrl><description><![CDATA[<h3>KCN Phía Nam</h3><table border='0' cellpadding='3'><tr><td><b>Loại</b></td><td>Khu công nghiệp</td></tr><tr><td><b>Xã/phường</b></td><td>Phường Văn Phú</td></tr><tr><td><b>Diện tích quy hoạch</b></td><td>400 ha</td></tr><tr><td><b>Diện tích tính từ tọa độ</b></td><td>400.21 ha</td></tr><tr><td><b>Tình trạng</b></td><td>Đã thành lập</td></tr><tr><td><b>Số đỉnh ranh giới</b></td><td>44</td></tr></table><p style='font-size:11px;color:#666'>◆ Nguồn KMZ/CAD 2025 (ranh tạm, đã sửa lỗi vẽ trùng cạnh; DT tính ≈400,2 ha khớp 400 ha)</p>]]></description><ExtendedData><Data name='loai'><value>KCN</value></Data><Data name='ten'><value>Phía Nam</value></Data><Data name='xa_phuong'><value>Phường Văn Phú</value></Data><Data name='dien_tich_qh_ha'><value>400</value></Data><Data name='dien_tich_tinh_ha'><value>400.21</value></Data><Data name='tinh_trang'><value>Đã thành lập</value></Data><Data name='so_dinh'><value>44</value></Data></ExtendedData><Polygon><tessellate>1</tessellate><outerBoundaryIs><LinearRing><coordinates>104.93986147,21.67725884,0 104.94063464,21.68079226,0 104.94377713,21.68208077,0 104.94367046,21.68230806,0 104.94580056,21.68440518,0 104.94648557,21.68471996,0 104.94642752,21.68495532,0 104.94689874,21.68517695,0 104.94709108,21.68534057,0 104.94724499,21.68559889,0 104.94739234,21.68586200,0 104.94753746,21.68612611,0 104.94774309,21.68653177,0 104.94783612,21.68664799,0 104.94786564,21.68668490,0 104.94802796,21.68680140,0 104.94824454,21.68687810,0 104.94849736,21.68688737,0 104.94871111,21.68686896,0 104.94902747,21.68684167,0 104.94924469,21.68682298,0 104.94945490,21.68683844,0 104.94965328,21.68689140,0 104.94981013,21.68696329,0 104.94997734,21.68705061,0 104.95048071,21.68731356,0 104.95061978,21.68703493,0 104.95172386,21.68749993,0 104.95208343,21.68678107,0 104.95584730,21.68837216,0 104.95524765,21.68961122,0 104.95564942,21.68989903,0 104.95643426,21.68827876,0 104.95757802,21.68876218,0 104.96307989,21.67739170,0 104.96211170,21.67698252,0 104.96318253,21.67476925,0 104.96432697,21.67459734,0 104.96460452,21.67402361,0 104.96363405,21.67139667,0 104.95353424,21.66713721,0 104.94596520,21.66915229,0 104.94371565,21.67374591,0 104.94187436,21.67295990,0 104.93986147,21.67725884,0</coordinates></LinearRing></outerBoundaryIs></Polygon></Placemark>
<Placemark><name>KCN Trấn Yên</name><styleUrl>#kcn</styleUrl><description><![CDATA[<h3>KCN Trấn Yên</h3><table border='0' cellpadding='3'><tr><td><b>Loại</b></td><td>Khu công nghiệp</td></tr><tr><td><b>Xã/phường</b></td><td>Phường Âu Lâu</td></tr><tr><td><b>Diện tích quy hoạch</b></td><td>339 ha</td></tr><tr><td><b>Diện tích tính từ tọa độ</b></td><td>340.01 ha</td></tr><tr><td><b>Tình trạng</b></td><td>Đã thành lập</td></tr><tr><td><b>Số đỉnh ranh giới</b></td><td>72</td></tr></table><p style='font-size:11px;color:#666'>◆ Nguồn KMZ/CAD 2025 (ranh tạm, đối chiếu hồ sơ)</p>]]></description><ExtendedData><Data name='loai'><value>KCN</value></Data><Data name='ten'><value>Trấn Yên</value></Data><Data name='xa_phuong'><value>Phường Âu Lâu</value></Data><Data name='dien_tich_qh_ha'><value>339</value></Data><Data name='dien_tich_tinh_ha'><value>340.01</value></Data><Data name='tinh_trang'><value>Đã thành lập</value></Data><Data name='so_dinh'><value>72</value></Data></ExtendedData><Polygon><tessellate>1</tessellate><outerBoundaryIs><LinearRing><coordinates>104.89668548,21.67659784,0 104.89376024,21.67372255,0 104.89376024,21.67372255,0 104.89153804,21.67196344,0 104.89153804,21.67196344,0 104.89341182,21.66808104,0 104.89341182,21.66808104,0 104.88865590,21.66615769,0 104.88865590,21.66615769,0 104.88732230,21.66854819,0 104.88732230,21.66854819,0 104.88691563,21.66827647,0 104.88691563,21.66827647,0 104.88452803,21.66699991,0 104.88452803,21.66699991,0 104.88446897,21.66686772,0 104.88446897,21.66686772,0 104.88505722,21.66509395,0 104.88505722,21.66509395,0 104.88691127,21.65791874,0 104.88691127,21.65791874,0 104.88724258,21.65678853,0 104.88724258,21.65678853,0 104.88787027,21.65501290,0 104.88787027,21.65501290,0 104.88865906,21.65317752,0 104.88865906,21.65317752,0 104.88935473,21.65180151,0 104.88935473,21.65180151,0 104.89049593,21.64976440,0 104.89049593,21.64976440,0 104.89161917,21.65083540,0 104.89161917,21.65083540,0 104.88998398,21.65247948,0 104.88998398,21.65247948,0 104.89275368,21.65501031,0 104.89275368,21.65501031,0 104.89473751,21.65321669,0 104.89473751,21.65321669,0 104.90134542,21.65927514,0 104.90134542,21.65927514,0 104.90038512,21.66042158,0 104.90038512,21.66042158,0 104.90218179,21.66232574,0 104.90218179,21.66232574,0 104.90477057,21.66019129,0 104.90477057,21.66019129,0 104.90677507,21.66320049,0 104.90677507,21.66320049,0 104.90784966,21.66492517,0 104.90784966,21.66492517,0 104.90814341,21.66528194,0 104.90814341,21.66528194,0 104.90833817,21.66551848,0 104.90833817,21.66551848,0 104.90814430,21.66583850,0 104.90814430,21.66583850,0 104.90638528,21.66731856,0 104.90638528,21.66731856,0 104.90511506,21.66599942,0 104.90511506,21.66599942,0 104.90369084,21.66723067,0 104.90369084,21.66723067,0 104.90494557,21.66853023,0 104.90494557,21.66853023,0 104.90315385,21.67004164,0 104.90315385,21.67004164,0 104.89803028,21.67551675,0 104.89803028,21.67551675,0 104.89688822,21.67660055,0 104.89688822,21.67660055,0 104.89668548,21.67659784,0 104.89668548,21.67659784,0</coordinates></LinearRing></outerBoundaryIs></Polygon></Placemark>
<Placemark><name>KCN Bản Qua</name><styleUrl>#kcn</styleUrl><description><![CDATA[<h3>KCN Bản Qua</h3><table border='0' cellpadding='3'><tr><td><b>Loại</b></td><td>Khu công nghiệp</td></tr><tr><td><b>Xã/phường</b></td><td>Xã Bát Xát</td></tr><tr><td><b>Diện tích quy hoạch</b></td><td>107 ha</td></tr><tr><td><b>Diện tích tính từ tọa độ</b></td><td>76.47 ha</td></tr><tr><td><b>Tình trạng</b></td><td>Đã cấp GCN ĐKĐT 30/6/2026 (76,39 ha)</td></tr><tr><td><b>Số đỉnh ranh giới</b></td><td>85</td></tr></table><p style='font-size:11px;color:#666'>Nguồn GCN ĐKĐT mã 4275604886 ngày 30/6/2026 của BQL KKT (Phụ lục, hệ 104°45' múi 3°); DT dự án 76,39 ha (763.876,85 m²); DT tính từ 85 đỉnh ≈76,47 ha; ranh dự kiến, xác định chính thức khi cho thuê đất</p>]]></description><ExtendedData><Data name='loai'><value>KCN</value></Data><Data name='ten'><value>Bản Qua</value></Data><Data name='xa_phuong'><value>Xã Bát Xát</value></Data><Data name='dien_tich_qh_ha'><value>107</value></Data><Data name='dien_tich_tinh_ha'><value>76.47</value></Data><Data name='tinh_trang'><value>Đã cấp GCN ĐKĐT 30/6/2026 (76,39 ha)</value></Data><Data name='so_dinh'><value>85</value></Data></ExtendedData><Polygon><tessellate>1</tessellate><outerBoundaryIs><LinearRing><coordinates>103.84871124,22.58482149,0 103.84877184,22.58474371,0 103.84890604,22.58454968,0 103.84902861,22.58434890,0 103.84913907,22.58414200,0 103.84923701,22.58392970,0 103.84932225,22.58371245,0 103.84939429,22.58349116,0 103.84945313,22.58326645,0 103.84949914,22.58303959,0 103.84953388,22.58281158,0 103.84955890,22.58258307,0 103.84957594,22.58235443,0 103.84958657,22.58212593,0 103.84959243,22.58189803,0 103.84959526,22.58167102,0 103.84959654,22.58144481,0 103.84959771,22.58121906,0 103.84959889,22.58099330,0 103.84960006,22.58076773,0 103.84960182,22.58054279,0 103.84960590,22.58031859,0 103.84961377,22.58009540,0 103.84962688,22.57987359,0 103.84964679,22.57965327,0 103.84967495,22.57943480,0 103.84971262,22.57921864,0 103.84976137,22.57900525,0 103.84982224,22.57879509,0 103.84989545,22.57858816,0 103.84998069,22.57838473,0 103.85007680,22.57818434,0 103.85018223,22.57798690,0 103.85029552,22.57779220,0 103.85041550,22.57759953,0 103.85054053,22.57740833,0 103.85066925,22.57721833,0 103.85080020,22.57702879,0 103.85093183,22.57683917,0 103.85106365,22.57664954,0 103.85119538,22.57645983,0 103.85132720,22.57627011,0 103.85157299,22.57591623,0 103.85159075,22.57589068,0 103.85172248,22.57570096,0 103.85185430,22.57551125,0 103.85198603,22.57532153,0 103.85211785,22.57513181,0 103.85224957,22.57494210,0 103.85238130,22.57475238,0 103.85251312,22.57456266,0 103.85264484,22.57437295,0 103.85277666,22.57418323,0 103.85290839,22.57399351,0 103.85304021,22.57380380,0 103.85313198,22.57367174,0 103.85580726,22.56981979,0 103.85593907,22.56963007,0 103.85607079,22.56944035,0 103.85620250,22.56925118,0 103.85633536,22.56906336,0 103.85647036,22.56887781,0 103.85660883,22.56869535,0 103.85675194,22.56851689,0 103.85690066,22.56834334,0 103.85705615,22.56817533,0 103.85721851,22.56801305,0 103.85738735,22.56785668,0 103.85756256,22.56770630,0 103.85774405,22.56756192,0 103.85793086,22.56742253,0 103.85812202,22.56728705,0 103.85831647,22.56715448,0 103.85851343,22.56702373,0 103.85871165,22.56689370,0 103.85891036,22.56676368,0 103.85895693,22.56673314,0 103.86138968,22.56856039,0 103.85923611,22.57285845,0 103.85850551,22.57395449,0 103.85456383,22.57854607,0 103.85400072,22.57905342,0 103.85167089,22.58067412,0 103.85054342,22.58195203,0 103.84896991,22.58501664,0 103.84871124,22.58482149,0</coordinates></LinearRing></outerBoundaryIs></Polygon></Placemark>
<Placemark><name>KCN Y Can</name><styleUrl>#kcn</styleUrl><description><![CDATA[<h3>KCN Y Can</h3><table border='0' cellpadding='3'><tr><td><b>Loại</b></td><td>Khu công nghiệp</td></tr><tr><td><b>Xã/phường</b></td><td>Xã Lương Thịnh, xã Quy Mông</td></tr><tr><td><b>Diện tích quy hoạch</b></td><td>350 ha</td></tr><tr><td><b>Diện tích tính từ tọa độ</b></td><td>499.19 ha</td></tr><tr><td><b>Tình trạng</b></td><td>Quy hoạch</td></tr><tr><td><b>Số đỉnh ranh giới</b></td><td>32</td></tr></table><p style='font-size:11px;color:#666'>◆ Nguồn KMZ/CAD 2025 (ranh tạm, đối chiếu hồ sơ)</p>]]></description><ExtendedData><Data name='loai'><value>KCN</value></Data><Data name='ten'><value>Y Can</value></Data><Data name='xa_phuong'><value>Xã Lương Thịnh, xã Quy Mông</value></Data><Data name='dien_tich_qh_ha'><value>350</value></Data><Data name='dien_tich_tinh_ha'><value>499.19</value></Data><Data name='tinh_trang'><value>Quy hoạch</value></Data><Data name='so_dinh'><value>32</value></Data></ExtendedData><Polygon><tessellate>1</tessellate><outerBoundaryIs><LinearRing><coordinates>104.82050727,21.74030376,0 104.81401455,21.73863878,0 104.81401455,21.73863878,0 104.81161977,21.73786337,0 104.81161977,21.73786337,0 104.80570921,21.73562838,0 104.80570921,21.73562838,0 104.81197590,21.72021840,0 104.81197590,21.72021840,0 104.81498200,21.72084471,0 104.81498200,21.72084471,0 104.82066755,21.71059345,0 104.82066755,21.71059345,0 104.83356849,21.71404940,0 104.83356849,21.71404940,0 104.83306771,21.71506542,0 104.83306771,21.71506542,0 104.82932543,21.72278256,0 104.82932543,21.72278256,0 104.82716427,21.72723889,0 104.82716427,21.72723889,0 104.82662818,21.72838361,0 104.82662818,21.72838361,0 104.82540524,21.73042825,0 104.82540524,21.73042825,0 104.82407253,21.73265600,0 104.82407253,21.73265600,0 104.82337538,21.73425736,0 104.82337538,21.73425736,0 104.82151579,21.73852859,0 104.82151579,21.73852859,0 104.82050727,21.74030376,0 104.82050727,21.74030376,0</coordinates></LinearRing></outerBoundaryIs></Polygon></Placemark>
<Placemark><name>KCN Đông An</name><styleUrl>#kcn</styleUrl><description><![CDATA[<h3>KCN Đông An</h3><table border='0' cellpadding='3'><tr><td><b>Loại</b></td><td>Khu công nghiệp</td></tr><tr><td><b>Xã/phường</b></td><td>Đông Cuông</td></tr><tr><td><b>Diện tích quy hoạch</b></td><td>350 ha</td></tr><tr><td><b>Diện tích tính từ tọa độ</b></td><td>305.74 ha</td></tr><tr><td><b>Tình trạng</b></td><td>Quy hoạch</td></tr><tr><td><b>Số đỉnh ranh giới</b></td><td>4</td></tr></table>]]></description><ExtendedData><Data name='loai'><value>KCN</value></Data><Data name='ten'><value>Đông An</value></Data><Data name='xa_phuong'><value>Đông Cuông</value></Data><Data name='dien_tich_qh_ha'><value>350</value></Data><Data name='dien_tich_tinh_ha'><value>305.74</value></Data><Data name='tinh_trang'><value>Quy hoạch</value></Data><Data name='so_dinh'><value>4</value></Data></ExtendedData><Polygon><tessellate>1</tessellate><outerBoundaryIs><LinearRing><coordinates>104.58820988,21.93721693,0 104.57885629,21.94779858,0 104.56255647,21.93146469,0 104.57666555,21.92646618,0 104.58820988,21.93721693,0</coordinates></LinearRing></outerBoundaryIs></Polygon></Placemark>
<Placemark><name>KCN Thịnh Hưng</name><styleUrl>#kcn</styleUrl><description><![CDATA[<h3>KCN Thịnh Hưng</h3><table border='0' cellpadding='3'><tr><td><b>Loại</b></td><td>Khu công nghiệp</td></tr><tr><td><b>Xã/phường</b></td><td>Văn Phú</td></tr><tr><td><b>Diện tích quy hoạch</b></td><td>104 ha</td></tr><tr><td><b>Diện tích tính từ tọa độ</b></td><td>104.39 ha</td></tr><tr><td><b>Tình trạng</b></td><td>Quy hoạch</td></tr><tr><td><b>Số đỉnh ranh giới</b></td><td>9</td></tr></table>]]></description><ExtendedData><Data name='loai'><value>KCN</value></Data><Data name='ten'><value>Thịnh Hưng</value></Data><Data name='xa_phuong'><value>Văn Phú</value></Data><Data name='dien_tich_qh_ha'><value>104</value></Data><Data name='dien_tich_tinh_ha'><value>104.39</value></Data><Data name='tinh_trang'><value>Quy hoạch</value></Data><Data name='so_dinh'><value>9</value></Data></ExtendedData><Polygon><tessellate>1</tessellate><outerBoundaryIs><LinearRing><coordinates>104.97704305,21.68862252,0 104.98217493,21.69305437,0 104.98388198,21.69133784,0 104.98571821,21.69289068,0 104.98883272,21.68977111,0 104.98472934,21.68620682,0 104.99114059,21.67975912,0 104.98830920,21.67729958,0 104.98673338,21.67888437,0 104.97704305,21.68862252,0</coordinates></LinearRing></outerBoundaryIs></Polygon></Placemark>
<Placemark><name>KCN Lục Yên</name><styleUrl>#kcn</styleUrl><description><![CDATA[<h3>KCN Lục Yên</h3><table border='0' cellpadding='3'><tr><td><b>Loại</b></td><td>Khu công nghiệp</td></tr><tr><td><b>Xã/phường</b></td><td>Xã Lục Yên, xã Tân Lĩnh</td></tr><tr><td><b>Diện tích quy hoạch</b></td><td>221 ha</td></tr><tr><td><b>Diện tích tính từ tọa độ</b></td><td>302.09 ha</td></tr><tr><td><b>Tình trạng</b></td><td>Quy hoạch</td></tr><tr><td><b>Số đỉnh ranh giới</b></td><td>40</td></tr></table><p style='font-size:11px;color:#666'>◆ Nguồn KMZ/CAD 2025 (ranh tạm, đối chiếu hồ sơ)</p>]]></description><ExtendedData><Data name='loai'><value>KCN</value></Data><Data name='ten'><value>Lục Yên</value></Data><Data name='xa_phuong'><value>Xã Lục Yên, xã Tân Lĩnh</value></Data><Data name='dien_tich_qh_ha'><value>221</value></Data><Data name='dien_tich_tinh_ha'><value>302.09</value></Data><Data name='tinh_trang'><value>Quy hoạch</value></Data><Data name='so_dinh'><value>40</value></Data></ExtendedData><Polygon><tessellate>1</tessellate><outerBoundaryIs><LinearRing><coordinates>104.72487245,22.12385375,0 104.73815456,22.13411335,0 104.73815456,22.13411335,0 104.74048291,22.12567350,0 104.74048291,22.12567350,0 104.74222599,22.12287176,0 104.74222599,22.12287176,0 104.74598721,22.12101243,0 104.74598721,22.12101243,0 104.74639618,22.11692999,0 104.74639618,22.11692999,0 104.74800603,22.11501718,0 104.74800603,22.11501718,0 104.74794965,22.11258700,0 104.74794965,22.11258700,0 104.74934911,22.11053562,0 104.74934911,22.11053562,0 104.75056756,22.10934478,0 104.75056756,22.10934478,0 104.74848057,22.10893916,0 104.74848057,22.10893916,0 104.74658608,22.10835170,0 104.74658608,22.10835170,0 104.74326454,22.10889423,0 104.74326454,22.10889423,0 104.74222098,22.10995181,0 104.74222098,22.10995181,0 104.73626796,22.11317847,0 104.73626796,22.11317847,0 104.73477268,22.11382465,0 104.73477268,22.11382465,0 104.73637472,22.11677358,0 104.73637472,22.11677358,0 104.73418005,22.11906429,0 104.73418005,22.11906429,0 104.73290578,22.11984712,0 104.73290578,22.11984712,0 104.72970986,22.12089688,0 104.72970986,22.12089688,0 104.72487245,22.12385375,0 104.72487245,22.12385375,0</coordinates></LinearRing></outerBoundaryIs></Polygon></Placemark>
<Placemark><name>KCN Âu Lâu</name><styleUrl>#kcn</styleUrl><description><![CDATA[<h3>KCN Âu Lâu</h3><table border='0' cellpadding='3'><tr><td><b>Loại</b></td><td>Khu công nghiệp</td></tr><tr><td><b>Xã/phường</b></td><td>Phường Âu Lâu, xã Quy Mông</td></tr><tr><td><b>Diện tích quy hoạch</b></td><td>155 ha</td></tr><tr><td><b>Diện tích tính từ tọa độ</b></td><td>118.36 ha</td></tr><tr><td><b>Tình trạng</b></td><td>Đã thành lập</td></tr><tr><td><b>Số đỉnh ranh giới</b></td><td>20</td></tr></table><p style='font-size:11px;color:#666'>◆ Nguồn KMZ/CAD 2025 (ranh tạm, đối chiếu hồ sơ)</p>]]></description><ExtendedData><Data name='loai'><value>KCN</value></Data><Data name='ten'><value>Âu Lâu</value></Data><Data name='xa_phuong'><value>Phường Âu Lâu, xã Quy Mông</value></Data><Data name='dien_tich_qh_ha'><value>155</value></Data><Data name='dien_tich_tinh_ha'><value>118.36</value></Data><Data name='tinh_trang'><value>Đã thành lập</value></Data><Data name='so_dinh'><value>20</value></Data></ExtendedData><Polygon><tessellate>1</tessellate><outerBoundaryIs><LinearRing><coordinates>104.83517588,21.71265799,0 104.83922072,21.71457502,0 104.83922072,21.71457502,0 104.83983816,21.71408054,0 104.83983816,21.71408054,0 104.84261384,21.71216752,0 104.84261384,21.71216752,0 104.84653444,21.71129368,0 104.84653444,21.71129368,0 104.84496541,21.70906715,0 104.84496541,21.70906715,0 104.84953993,21.70348888,0 104.84953993,21.70348888,0 104.84369436,21.69946329,0 104.84369436,21.69946329,0 104.84131126,21.70247867,0 104.84131126,21.70247867,0 104.83801809,21.70741592,0 104.83801809,21.70741592,0 104.83517588,21.71265799,0 104.83517588,21.71265799,0</coordinates></LinearRing></outerBoundaryIs></Polygon></Placemark>
<Placemark><name>KCN Minh Quân</name><styleUrl>#kcn</styleUrl><description><![CDATA[<h3>KCN Minh Quân</h3><table border='0' cellpadding='3'><tr><td><b>Loại</b></td><td>Khu công nghiệp</td></tr><tr><td><b>Xã/phường</b></td><td>Phường Âu Lâu</td></tr><tr><td><b>Diện tích quy hoạch</b></td><td>160 ha</td></tr><tr><td><b>Diện tích tính từ tọa độ</b></td><td>190.15 ha</td></tr><tr><td><b>Tình trạng</b></td><td>Đã thành lập</td></tr><tr><td><b>Số đỉnh ranh giới</b></td><td>148</td></tr></table><p style='font-size:11px;color:#666'>◆ Nguồn KMZ/CAD 2025 (ranh tạm, đối chiếu hồ sơ)</p>]]></description><ExtendedData><Data name='loai'><value>KCN</value></Data><Data name='ten'><value>Minh Quân</value></Data><Data name='xa_phuong'><value>Phường Âu Lâu</value></Data><Data name='dien_tich_qh_ha'><value>160</value></Data><Data name='dien_tich_tinh_ha'><value>190.15</value></Data><Data name='tinh_trang'><value>Đã thành lập</value></Data><Data name='so_dinh'><value>148</value></Data></ExtendedData><Polygon><tessellate>1</tessellate><outerBoundaryIs><LinearRing><coordinates>104.92746813,21.65215120,0 104.92734654,21.65187648,0 104.92734654,21.65187648,0 104.92683911,21.65155303,0 104.92683911,21.65155303,0 104.92615800,21.65142505,0 104.92615800,21.65142505,0 104.92555401,21.65123348,0 104.92555401,21.65123348,0 104.92517842,21.65095433,0 104.92517842,21.65095433,0 104.92456961,21.65020647,0 104.92456961,21.65020647,0 104.92392390,21.64889819,0 104.92392390,21.64889819,0 104.92366248,21.64810308,0 104.92366248,21.64810308,0 104.92363547,21.64765050,0 104.92363547,21.64765050,0 104.92403086,21.64664742,0 104.92403086,21.64664742,0 104.92426629,21.64574666,0 104.92426629,21.64574666,0 104.92429033,21.64516532,0 104.92429033,21.64516532,0 104.92422184,21.64509421,0 104.92422184,21.64509421,0 104.92438864,21.64481160,0 104.92438864,21.64481160,0 104.92479484,21.64428179,0 104.92479484,21.64428179,0 104.92532004,21.64374255,0 104.92532004,21.64374255,0 104.92586854,21.64329000,0 104.92586854,21.64329000,0 104.92642035,21.64294574,0 104.92642035,21.64294574,0 104.92703521,21.64265407,0 104.92703521,21.64265407,0 104.92765005,21.64242742,0 104.92765005,21.64242742,0 104.92831124,21.64226260,0 104.92831124,21.64226260,0 104.92899913,21.64220161,0 104.92899913,21.64220161,0 104.92968711,21.64214062,0 104.92968711,21.64214062,0 104.93019293,21.64219265,0 104.93019293,21.64219265,0 104.93151582,21.64274091,0 104.93151582,21.64274091,0 104.93198627,21.64293585,0 104.93198627,21.64293585,0 104.93260043,21.64331923,0 104.93260043,21.64331923,0 104.93376095,21.64418369,0 104.93376095,21.64418369,0 104.93422938,21.64453579,0 104.93422938,21.64453579,0 104.93545921,21.64601716,0 104.93545921,21.64601716,0 104.93632890,21.64788279,0 104.93632890,21.64788279,0 104.93674457,21.65001981,0 104.93674457,21.65001981,0 104.93666915,21.65132207,0 104.93666915,21.65132207,0 104.93668373,21.65207245,0 104.93668373,21.65207245,0 104.93657321,21.65260160,0 104.93657321,21.65260160,0 104.93638652,21.65311086,0 104.93638652,21.65311086,0 104.93618219,21.65334711,0 104.93618219,21.65334711,0 104.93627533,21.65365202,0 104.93627533,21.65365202,0 104.93601065,21.65406897,0 104.93601065,21.65406897,0 104.93546942,21.65476813,0 104.93546942,21.65476813,0 104.93467152,21.65603823,0 104.93467152,21.65603823,0 104.93452885,21.65637412,0 104.93452885,21.65637412,0 104.93444178,21.65681454,0 104.93444178,21.65681454,0 104.93418498,21.65728947,0 104.93418498,21.65728947,0 104.93410968,21.65756729,0 104.93410968,21.65756729,0 104.93394120,21.65781153,0 104.93394120,21.65781153,0 104.93391124,21.65796322,0 104.93391124,21.65796322,0 104.93320369,21.65903730,0 104.93320369,21.65903730,0 104.93320965,21.65923989,0 104.93320965,21.65923989,0 104.93307104,21.65934761,0 104.93307104,21.65934761,0 104.93310282,21.65956941,0 104.93310282,21.65956941,0 104.93292467,21.65974348,0 104.93292467,21.65974348,0 104.93276761,21.65985601,0 104.93276761,21.65985601,0 104.93271529,21.66012261,0 104.93271529,21.66012261,0 104.93251851,21.66030925,0 104.93251851,21.66030925,0 104.93234629,21.66059016,0 104.93234629,21.66059016,0 104.93216227,21.66100585,0 104.93216227,21.66100585,0 104.93196954,21.66157482,0 104.93196954,21.66157482,0 104.93183449,21.66213451,0 104.93183449,21.66213451,0 104.93184247,21.66257067,0 104.93184247,21.66257067,0 104.93152241,21.66361334,0 104.93152241,21.66361334,0 104.93091697,21.66362502,0 104.93091697,21.66362502,0 104.93046452,21.66358234,0 104.93046452,21.66358234,0 104.93000435,21.66292349,0 104.93000435,21.66292349,0 104.92952744,21.66254853,0 104.92952744,21.66254853,0 104.92953001,21.66244195,0 104.92953001,21.66244195,0 104.92934774,21.66186372,0 104.92934774,21.66186372,0 104.92836398,21.65766930,0 104.92836398,21.65766930,0 104.92797944,21.65696430,0 104.92797944,21.65696430,0 104.92769330,21.65629279,0 104.92769330,21.65629279,0 104.92755414,21.65540046,0 104.92755414,21.65540046,0 104.92768601,21.65310577,0 104.92768601,21.65310577,0 104.92757659,21.65243117,0 104.92757659,21.65243117,0 104.92746813,21.65215120,0 104.92746813,21.65215120,0</coordinates></LinearRing></outerBoundaryIs></Polygon></Placemark>
<Placemark><name>KCN Võ Lao (toàn khu)</name><styleUrl>#kcn</styleUrl><description><![CDATA[<h3>KCN Võ Lao (toàn khu)</h3><table border='0' cellpadding='3'><tr><td><b>Loại</b></td><td>Khu công nghiệp</td></tr><tr><td><b>Xã/phường</b></td><td>Xã Võ Lao</td></tr><tr><td><b>Diện tích quy hoạch</b></td><td>500 ha</td></tr><tr><td><b>Diện tích tính từ tọa độ</b></td><td>476.78 ha</td></tr><tr><td><b>Tình trạng</b></td><td>Quy hoạch</td></tr><tr><td><b>Số đỉnh ranh giới</b></td><td>35</td></tr></table><p style='font-size:11px;color:#666'>◆ Nguồn Đề xuất dự án của CTCP ĐT hạ tầng Châu Giang 09/01/2026 (bảng kê tọa độ góc ranh 482 ha, 35 mốc); DT tính ≈476,8 ha, lệch -1,2%; ranh đề xuất, chưa phải ranh chấp thuận CTĐT</p>]]></description><ExtendedData><Data name='loai'><value>KCN</value></Data><Data name='ten'><value>Võ Lao (toàn khu)</value></Data><Data name='xa_phuong'><value>Xã Võ Lao</value></Data><Data name='dien_tich_qh_ha'><value>500</value></Data><Data name='dien_tich_tinh_ha'><value>476.78</value></Data><Data name='tinh_trang'><value>Quy hoạch</value></Data><Data name='so_dinh'><value>35</value></Data></ExtendedData><Polygon><tessellate>1</tessellate><outerBoundaryIs><LinearRing><coordinates>104.17940763,22.20397008,0 104.17441429,22.20258344,0 104.16980135,22.20411703,0 104.16845433,22.20947855,0 104.17129367,22.21048438,0 104.17170210,22.21304061,0 104.17712418,22.21300154,0 104.17879222,22.21344280,0 104.17838122,22.21426755,0 104.17607850,22.21564756,0 104.17422254,22.21894096,0 104.17223572,22.22152889,0 104.17567953,22.22356383,0 104.17539523,22.22491843,0 104.17589642,22.22570836,0 104.17554041,22.22744952,0 104.17625253,22.22768360,0 104.17664354,22.22909233,0 104.17808406,22.22878022,0 104.17981763,22.23026582,0 104.17907399,22.23134137,0 104.18002256,22.23305929,0 104.18025724,22.23420547,0 104.18109548,22.23432635,0 104.18241322,22.23616079,0 104.18243554,22.23791728,0 104.18363791,22.23692062,0 104.18508581,22.23756661,0 104.18755568,22.23334047,0 104.18990193,22.22761674,0 104.19041013,22.21720300,0 104.19071267,22.21710370,0 104.18912922,22.21436825,0 104.18258328,22.21026700,0 104.18451184,22.20794516,0 104.17940763,22.20397008,0</coordinates></LinearRing></outerBoundaryIs></Polygon></Placemark>
<Placemark><name>KCN Võ Lao (GĐ1)</name><styleUrl>#kcn</styleUrl><description><![CDATA[<h3>KCN Võ Lao (GĐ1)</h3><table border='0' cellpadding='3'><tr><td><b>Loại</b></td><td>Khu công nghiệp</td></tr><tr><td><b>Xã/phường</b></td><td>Xã Võ Lao</td></tr><tr><td><b>Diện tích quy hoạch</b></td><td>500 ha</td></tr><tr><td><b>Diện tích tính từ tọa độ</b></td><td>196.57 ha</td></tr><tr><td><b>Tình trạng</b></td><td>Quy hoạch</td></tr><tr><td><b>Số đỉnh ranh giới</b></td><td>14</td></tr></table><p style='font-size:11px;color:#666'>◆ Nguồn Đề xuất dự án Châu Giang 09/01/2026 (bảng kê 200 ha, mốc A1-A14); DT tính ≈196,6 ha, lệch -1,7%; ranh đề xuất, chưa phải ranh chấp thuận CTĐT</p>]]></description><ExtendedData><Data name='loai'><value>KCN</value></Data><Data name='ten'><value>Võ Lao (GĐ1)</value></Data><Data name='xa_phuong'><value>Xã Võ Lao</value></Data><Data name='dien_tich_qh_ha'><value>500</value></Data><Data name='dien_tich_tinh_ha'><value>196.57</value></Data><Data name='tinh_trang'><value>Quy hoạch</value></Data><Data name='so_dinh'><value>14</value></Data></ExtendedData><Polygon><tessellate>1</tessellate><outerBoundaryIs><LinearRing><coordinates>104.17386731,22.21018166,0 104.17812723,22.21061998,0 104.17707259,22.21299702,0 104.17879222,22.21344280,0 104.17838122,22.21426755,0 104.17889236,22.21494371,0 104.17893416,22.21791481,0 104.17572081,22.22352758,0 104.17708364,22.22613485,0 104.17962701,22.22973826,0 104.18912922,22.21436825,0 104.18258366,22.21026728,0 104.18451506,22.20794066,0 104.17939672,22.20398242,0 104.17386731,22.21018166,0</coordinates></LinearRing></outerBoundaryIs></Polygon></Placemark>
<Placemark><name>KCN Phú Xuân</name><styleUrl>#kcn</styleUrl><description><![CDATA[<h3>KCN Phú Xuân</h3><table border='0' cellpadding='3'><tr><td><b>Loại</b></td><td>Khu công nghiệp</td></tr><tr><td><b>Xã/phường</b></td><td>Xã Gia Phú</td></tr><tr><td><b>Diện tích quy hoạch</b></td><td>300 ha</td></tr><tr><td><b>Diện tích tính từ tọa độ</b></td><td>301.16 ha</td></tr><tr><td><b>Tình trạng</b></td><td>Quy hoạch</td></tr><tr><td><b>Số đỉnh ranh giới</b></td><td>74</td></tr></table><p style='font-size:11px;color:#666'>Nguồn QĐ 2336/QĐ-UBND ngày 02/7/2026 (Phụ lục); DT tính ≈301,2 ha; ranh dự kiến theo chủ trương đầu tư</p>]]></description><ExtendedData><Data name='loai'><value>KCN</value></Data><Data name='ten'><value>Phú Xuân</value></Data><Data name='xa_phuong'><value>Xã Gia Phú</value></Data><Data name='dien_tich_qh_ha'><value>300</value></Data><Data name='dien_tich_tinh_ha'><value>301.16</value></Data><Data name='tinh_trang'><value>Quy hoạch</value></Data><Data name='so_dinh'><value>74</value></Data></ExtendedData><Polygon><tessellate>1</tessellate><outerBoundaryIs><LinearRing><coordinates>104.11427051,22.33628143,0 104.11446617,22.33665222,0 104.11059469,22.33928221,0 104.10721907,22.33960407,0 104.10636647,22.33962354,0 104.10569851,22.33954190,0 104.10252317,22.33867379,0 104.10212166,22.33821336,0 104.10249861,22.33792888,0 104.10200934,22.33736780,0 104.10144391,22.33779452,0 104.10055653,22.33677688,0 104.09981932,22.33585978,0 104.09886615,22.33476668,0 104.09527958,22.33337313,0 104.09034456,22.33382512,0 104.09000943,22.33065758,0 104.09066063,22.32984072,0 104.09054524,22.32953888,0 104.09056308,22.32942553,0 104.09062043,22.32917532,0 104.09076810,22.32874408,0 104.09096593,22.32847699,0 104.09125168,22.32806728,0 104.09144031,22.32794859,0 104.09151257,22.32791875,0 104.09172491,22.32800311,0 104.09195286,22.32808082,0 104.09229704,22.32813432,0 104.09259951,22.32810115,0 104.09265720,22.32809483,0 104.09267781,22.32809257,0 104.09313708,22.32795772,0 104.09322976,22.32791277,0 104.09331217,22.32787280,0 104.09340927,22.32772495,0 104.09345769,22.32765178,0 104.09356703,22.32748658,0 104.09387428,22.32719870,0 104.09430947,22.32685216,0 104.09440064,22.32677956,0 104.09455429,22.32665722,0 104.09488390,22.32636960,0 104.09498116,22.32621517,0 104.09508933,22.32604345,0 104.09524283,22.32589738,0 104.09531380,22.32586130,0 104.09538523,22.32583713,0 104.09548199,22.32580438,0 104.09565256,22.32574665,0 104.09589684,22.32566396,0 104.09599804,22.32562971,0 104.09608219,22.32560123,0 104.09613381,22.32544439,0 104.09617691,22.32531350,0 104.09627298,22.32523094,0 104.09648210,22.32501299,0 104.09658808,22.32490254,0 104.09671566,22.32475676,0 104.09688457,22.32465685,0 104.09704281,22.32454617,0 104.09784011,22.32549895,0 104.10028225,22.32383100,0 104.09969361,22.32252919,0 104.09991607,22.32242704,0 104.10135861,22.32193467,0 104.10211588,22.32169987,0 104.10303156,22.32137057,0 104.10374958,22.32089747,0 104.10465664,22.32200284,0 104.10585303,22.32321787,0 104.11126355,22.32806238,0 104.11258363,22.33011716,0 104.11406749,22.33571635,0 104.11427051,22.33628143,0</coordinates></LinearRing></outerBoundaryIs></Polygon></Placemark>
<Placemark><name>KCN Việt Hồng 1</name><styleUrl>#kcn</styleUrl><description><![CDATA[<h3>KCN Việt Hồng 1</h3><table border='0' cellpadding='3'><tr><td><b>Loại</b></td><td>Khu công nghiệp</td></tr><tr><td><b>Xã/phường</b></td><td>Xã Việt Hồng</td></tr><tr><td><b>Diện tích quy hoạch</b></td><td>300 ha</td></tr><tr><td><b>Diện tích tính từ tọa độ</b></td><td>299.59 ha</td></tr><tr><td><b>Tình trạng</b></td><td>Quy hoạch</td></tr><tr><td><b>Số đỉnh ranh giới</b></td><td>5</td></tr></table><p style='font-size:11px;color:#666'>◆ Nguồn KML 7/2026 (ranh tạm, chuyển từ WGS84; DT tính ≈299,6 ha khớp 300 ha)</p>]]></description><ExtendedData><Data name='loai'><value>KCN</value></Data><Data name='ten'><value>Việt Hồng 1</value></Data><Data name='xa_phuong'><value>Xã Việt Hồng</value></Data><Data name='dien_tich_qh_ha'><value>300</value></Data><Data name='dien_tich_tinh_ha'><value>299.59</value></Data><Data name='tinh_trang'><value>Quy hoạch</value></Data><Data name='so_dinh'><value>5</value></Data></ExtendedData><Polygon><tessellate>1</tessellate><outerBoundaryIs><LinearRing><coordinates>104.85959672,21.63383132,0 104.86748556,21.63500519,0 104.87737030,21.61697993,0 104.87322659,21.61397331,0 104.85778257,21.61844689,0 104.85959672,21.63383132,0</coordinates></LinearRing></outerBoundaryIs></Polygon></Placemark>
<Placemark><name>KCN Việt Hồng 2</name><styleUrl>#kcn</styleUrl><description><![CDATA[<h3>KCN Việt Hồng 2</h3><table border='0' cellpadding='3'><tr><td><b>Loại</b></td><td>Khu công nghiệp</td></tr><tr><td><b>Xã/phường</b></td><td>Xã Việt Hồng</td></tr><tr><td><b>Diện tích quy hoạch</b></td><td>200 ha</td></tr><tr><td><b>Diện tích tính từ tọa độ</b></td><td>204.63 ha</td></tr><tr><td><b>Tình trạng</b></td><td>Quy hoạch</td></tr><tr><td><b>Số đỉnh ranh giới</b></td><td>6</td></tr></table><p style='font-size:11px;color:#666'>◆ Nguồn KML 7/2026 (ranh tạm, chuyển từ WGS84; DT tính ≈204,6 ha, lệch +2,3% so 200 ha QH)</p>]]></description><ExtendedData><Data name='loai'><value>KCN</value></Data><Data name='ten'><value>Việt Hồng 2</value></Data><Data name='xa_phuong'><value>Xã Việt Hồng</value></Data><Data name='dien_tich_qh_ha'><value>200</value></Data><Data name='dien_tich_tinh_ha'><value>204.63</value></Data><Data name='tinh_trang'><value>Quy hoạch</value></Data><Data name='so_dinh'><value>6</value></Data></ExtendedData><Polygon><tessellate>1</tessellate><outerBoundaryIs><LinearRing><coordinates>104.87322659,21.61397331,0 104.87026740,21.60870954,0 104.86555241,21.60951125,0 104.86433880,21.60008840,0 104.85609598,21.60142595,0 104.85778257,21.61844689,0 104.87322659,21.61397331,0</coordinates></LinearRing></outerBoundaryIs></Polygon></Placemark>
<Placemark><name>KCN Phú Xuân 1</name><styleUrl>#kcn</styleUrl><description><![CDATA[<h3>KCN Phú Xuân 1</h3><table border='0' cellpadding='3'><tr><td><b>Loại</b></td><td>Khu công nghiệp</td></tr><tr><td><b>Xã/phường</b></td><td>Xã Gia Phú</td></tr><tr><td><b>Diện tích quy hoạch</b></td><td>200 ha</td></tr><tr><td><b>Diện tích tính từ tọa độ</b></td><td>199.01 ha</td></tr><tr><td><b>Tình trạng</b></td><td>Quy hoạch</td></tr><tr><td><b>Số đỉnh ranh giới</b></td><td>24</td></tr></table><p style='font-size:11px;color:#666'>Nguồn QĐ 2338/QĐ-UBND ngày 02/7/2026 (Phụ lục, đã hoán đổi cột X/Y in ngược); DT tính ≈199,0 ha; ranh dự kiến theo chủ trương đầu tư</p>]]></description><ExtendedData><Data name='loai'><value>KCN</value></Data><Data name='ten'><value>Phú Xuân 1</value></Data><Data name='xa_phuong'><value>Xã Gia Phú</value></Data><Data name='dien_tich_qh_ha'><value>200</value></Data><Data name='dien_tich_tinh_ha'><value>199.01</value></Data><Data name='tinh_trang'><value>Quy hoạch</value></Data><Data name='so_dinh'><value>24</value></Data></ExtendedData><Polygon><tessellate>1</tessellate><outerBoundaryIs><LinearRing><coordinates>104.08930399,22.35490880,0 104.09800958,22.34478455,0 104.09964342,22.34316177,0 104.10160420,22.34162514,0 104.10197992,22.34109982,0 104.10198719,22.33952727,0 104.10167869,22.33871241,0 104.10100601,22.33779407,0 104.09856460,22.33499426,0 104.09532189,22.33373224,0 104.09530819,22.33555286,0 104.09294235,22.33801197,0 104.08945603,22.34220461,0 104.08819375,22.34279496,0 104.08611966,22.34527504,0 104.08607175,22.34638087,0 104.08493645,22.34786563,0 104.08418013,22.34850161,0 104.08318987,22.35006533,0 104.08292737,22.35008595,0 104.08295642,22.35040591,0 104.08334428,22.35041414,0 104.08900087,22.35445264,0 104.08903111,22.35468986,0 104.08930399,22.35490880,0</coordinates></LinearRing></outerBoundaryIs></Polygon></Placemark>
<Placemark><name>KCN Vùng Thượng Văn Yên (sau 2030)</name><styleUrl>#kcn</styleUrl><description><![CDATA[<h3>KCN Vùng Thượng Văn Yên (sau 2030)</h3><table border='0' cellpadding='3'><tr><td><b>Loại</b></td><td>Khu công nghiệp</td></tr><tr><td><b>Xã/phường</b></td><td>Vùng Thượng Văn Yên</td></tr><tr><td><b>Diện tích quy hoạch</b></td><td>300 ha</td></tr><tr><td><b>Diện tích tính từ tọa độ</b></td><td>299.98 ha</td></tr><tr><td><b>Tình trạng</b></td><td>Định hướng</td></tr><tr><td><b>Số đỉnh ranh giới</b></td><td>36</td></tr></table><p style='font-size:11px;color:#666'>◆ Nguồn KMZ/CAD 2025 (ranh tạm, đối chiếu hồ sơ)</p>]]></description><ExtendedData><Data name='loai'><value>KCN</value></Data><Data name='ten'><value>Vùng Thượng Văn Yên (sau 2030)</value></Data><Data name='xa_phuong'><value>Vùng Thượng Văn Yên</value></Data><Data name='dien_tich_qh_ha'><value>300</value></Data><Data name='dien_tich_tinh_ha'><value>299.98</value></Data><Data name='tinh_trang'><value>Định hướng</value></Data><Data name='so_dinh'><value>36</value></Data></ExtendedData><Polygon><tessellate>1</tessellate><outerBoundaryIs><LinearRing><coordinates>104.50084642,22.01152923,0 104.50883991,22.00129764,0 104.50883991,22.00129764,0 104.51280015,22.00194567,0 104.51280015,22.00194567,0 104.51822769,22.00083041,0 104.51822769,22.00083041,0 104.52144071,22.00519369,0 104.52144071,22.00519369,0 104.52169650,22.01124014,0 104.52169650,22.01124014,0 104.52111302,22.01516646,0 104.52111302,22.01516646,0 104.51996786,22.01544837,0 104.51996786,22.01544837,0 104.51858113,22.01578971,0 104.51858113,22.01578971,0 104.51707258,22.01592811,0 104.51707258,22.01592811,0 104.51294895,22.01543593,0 104.51294895,22.01543593,0 104.50785311,22.01610902,0 104.50785311,22.01610902,0 104.50535170,22.01738882,0 104.50535170,22.01738882,0 104.50470941,22.01805983,0 104.50470941,22.01805983,0 104.50266604,22.01758611,0 104.50266604,22.01758611,0 104.50099408,22.01627171,0 104.50099408,22.01627171,0 104.49965447,22.01489927,0 104.49965447,22.01489927,0 104.49997904,22.01325118,0 104.49997904,22.01325118,0 104.50084642,22.01152923,0 104.50084642,22.01152923,0</coordinates></LinearRing></outerBoundaryIs></Polygon></Placemark>
<Placemark><name>KCN Tằng Loỏng</name><styleUrl>#kcn</styleUrl><description><![CDATA[<h3>KCN Tằng Loỏng</h3><table border='0' cellpadding='3'><tr><td><b>Loại</b></td><td>Khu công nghiệp</td></tr><tr><td><b>Xã/phường</b></td><td>Xã Tằng Loỏng</td></tr><tr><td><b>Diện tích quy hoạch</b></td><td>1100 ha</td></tr><tr><td><b>Diện tích tính từ tọa độ</b></td><td>1097.67 ha</td></tr><tr><td><b>Tình trạng</b></td><td>Đã thành lập</td></tr><tr><td><b>Số đỉnh ranh giới</b></td><td>22</td></tr></table><p style='font-size:11px;color:#666'>◆ Cập nhật theo Điều chỉnh quy hoạch phân khu tỷ lệ 1/2.000 KCN Tằng Loỏng (Bản đồ QH giao thông và chỉ giới đường đỏ/xây dựng, 30/12/2024); bảng &quot;Tọa độ ranh giới&quot; QH1–QH22; hệ VN-2000; DT tính (shoelace) = 1.097,67 ha (DT quy hoạch 1.100 ha)</p>]]></description><ExtendedData><Data name='loai'><value>KCN</value></Data><Data name='ten'><value>Tằng Loỏng</value></Data><Data name='xa_phuong'><value>Xã Tằng Loỏng</value></Data><Data name='dien_tich_qh_ha'><value>1100</value></Data><Data name='dien_tich_tinh_ha'><value>1097.67</value></Data><Data name='tinh_trang'><value>Đã thành lập</value></Data><Data name='so_dinh'><value>22</value></Data></ExtendedData><Polygon><tessellate>1</tessellate><outerBoundaryIs><LinearRing><coordinates>104.13479263,22.32027166,0 104.14593395,22.31059696,0 104.14789696,22.30987102,0 104.15166530,22.30655786,0 104.15285773,22.30308267,0 104.15963425,22.29605073,0 104.15708468,22.29177563,0 104.16405077,22.28183153,0 104.15883185,22.27575244,0 104.15038188,22.27481220,0 104.14056840,22.27371968,0 104.14023883,22.27586458,0 104.14031525,22.27824434,0 104.13954543,22.27928470,0 104.13708473,22.28205324,0 104.13544044,22.28329277,0 104.13458679,22.28436972,0 104.13522185,22.29051199,0 104.13567344,22.29184155,0 104.13321953,22.29420337,0 104.13416121,22.29735428,0 104.12386420,22.30703805,0 104.13479263,22.32027166,0</coordinates></LinearRing></outerBoundaryIs></Polygon></Placemark>
</Folder>
<Folder><name>Cụm công nghiệp (CCN)</name>
<Placemark><name>CCN Phú Thịnh 1</name><styleUrl>#ccn</styleUrl><description><![CDATA[<h3>CCN Phú Thịnh 1</h3><table border='0' cellpadding='3'><tr><td><b>Loại</b></td><td>Cụm công nghiệp</td></tr><tr><td><b>Xã/phường</b></td><td>Xã Yên Bình, phường Văn Phú</td></tr><tr><td><b>Diện tích quy hoạch</b></td><td>75 ha</td></tr><tr><td><b>Diện tích tính từ tọa độ</b></td><td>72.74 ha</td></tr><tr><td><b>Tình trạng</b></td><td>Đã thành lập</td></tr><tr><td><b>Số đỉnh ranh giới</b></td><td>6</td></tr></table>]]></description><ExtendedData><Data name='loai'><value>CCN</value></Data><Data name='ten'><value>Phú Thịnh 1</value></Data><Data name='xa_phuong'><value>Xã Yên Bình, phường Văn Phú</value></Data><Data name='dien_tich_qh_ha'><value>75</value></Data><Data name='dien_tich_tinh_ha'><value>72.74</value></Data><Data name='tinh_trang'><value>Đã thành lập</value></Data><Data name='so_dinh'><value>6</value></Data></ExtendedData><Polygon><tessellate>1</tessellate><outerBoundaryIs><LinearRing><coordinates>104.96844703,21.69637492,0 104.96553353,21.69423123,0 104.96731018,21.69244515,0 104.96546983,21.69084623,0 104.97177321,21.68450871,0 104.97649489,21.68861071,0 104.96844703,21.69637492,0</coordinates></LinearRing></outerBoundaryIs></Polygon></Placemark>
<Placemark><name>CCN Phú Thịnh 2</name><styleUrl>#ccn</styleUrl><description><![CDATA[<h3>CCN Phú Thịnh 2</h3><table border='0' cellpadding='3'><tr><td><b>Loại</b></td><td>Cụm công nghiệp</td></tr><tr><td><b>Xã/phường</b></td><td>Xã Yên Bình, phường Văn Phú</td></tr><tr><td><b>Diện tích quy hoạch</b></td><td>75 ha</td></tr><tr><td><b>Diện tích tính từ tọa độ</b></td><td>70.19 ha</td></tr><tr><td><b>Tình trạng</b></td><td>Đã thành lập</td></tr><tr><td><b>Số đỉnh ranh giới</b></td><td>6</td></tr></table>]]></description><ExtendedData><Data name='loai'><value>CCN</value></Data><Data name='ten'><value>Phú Thịnh 2</value></Data><Data name='xa_phuong'><value>Xã Yên Bình, phường Văn Phú</value></Data><Data name='dien_tich_qh_ha'><value>75</value></Data><Data name='dien_tich_tinh_ha'><value>70.19</value></Data><Data name='tinh_trang'><value>Đã thành lập</value></Data><Data name='so_dinh'><value>6</value></Data></ExtendedData><Polygon><tessellate>1</tessellate><outerBoundaryIs><LinearRing><coordinates>104.96785082,21.69759640,0 104.97089731,21.70024756,0 104.97488430,21.69902502,0 104.97339779,21.69773372,0 104.98118770,21.69268715,0 104.97680853,21.68888314,0 104.96785082,21.69759640,0</coordinates></LinearRing></outerBoundaryIs></Polygon></Placemark>
<Placemark><name>CCN Phú Thịnh 3</name><styleUrl>#ccn</styleUrl><description><![CDATA[<h3>CCN Phú Thịnh 3</h3><table border='0' cellpadding='3'><tr><td><b>Loại</b></td><td>Cụm công nghiệp</td></tr><tr><td><b>Xã/phường</b></td><td>Xã Yên Bình, phường Văn Phú</td></tr><tr><td><b>Diện tích quy hoạch</b></td><td>75 ha</td></tr><tr><td><b>Diện tích tính từ tọa độ</b></td><td>72.13 ha</td></tr><tr><td><b>Tình trạng</b></td><td>Đã thành lập</td></tr><tr><td><b>Số đỉnh ranh giới</b></td><td>4</td></tr></table>]]></description><ExtendedData><Data name='loai'><value>CCN</value></Data><Data name='ten'><value>Phú Thịnh 3</value></Data><Data name='xa_phuong'><value>Xã Yên Bình, phường Văn Phú</value></Data><Data name='dien_tich_qh_ha'><value>75</value></Data><Data name='dien_tich_tinh_ha'><value>72.13</value></Data><Data name='tinh_trang'><value>Đã thành lập</value></Data><Data name='so_dinh'><value>4</value></Data></ExtendedData><Polygon><tessellate>1</tessellate><outerBoundaryIs><LinearRing><coordinates>104.97640466,21.68801290,0 104.98150051,21.68341038,0 104.97438323,21.67721892,0 104.96958033,21.68204818,0 104.97640466,21.68801290,0</coordinates></LinearRing></outerBoundaryIs></Polygon></Placemark>
<Placemark><name>CCN Yên Thế</name><styleUrl>#ccn</styleUrl><description><![CDATA[<h3>CCN Yên Thế</h3><table border='0' cellpadding='3'><tr><td><b>Loại</b></td><td>Cụm công nghiệp</td></tr><tr><td><b>Xã/phường</b></td><td>Xã Lục Yên</td></tr><tr><td><b>Diện tích quy hoạch</b></td><td>39.97 ha</td></tr><tr><td><b>Diện tích tính từ tọa độ</b></td><td>80.96 ha</td></tr><tr><td><b>Tình trạng</b></td><td>Đã thành lập</td></tr><tr><td><b>Số đỉnh ranh giới</b></td><td>88</td></tr></table><p style='font-size:11px;color:#666'>◆ Nguồn KMZ/CAD 2025 (ranh tạm, đối chiếu hồ sơ)</p>]]></description><ExtendedData><Data name='loai'><value>CCN</value></Data><Data name='ten'><value>Yên Thế</value></Data><Data name='xa_phuong'><value>Xã Lục Yên</value></Data><Data name='dien_tich_qh_ha'><value>39.97</value></Data><Data name='dien_tich_tinh_ha'><value>80.96</value></Data><Data name='tinh_trang'><value>Đã thành lập</value></Data><Data name='so_dinh'><value>88</value></Data></ExtendedData><Polygon><tessellate>1</tessellate><outerBoundaryIs><LinearRing><coordinates>104.76718612,22.10451233,0 104.76707837,22.10388237,0 104.76707837,22.10388237,0 104.76767220,22.10379416,0 104.76767220,22.10379416,0 104.76773350,22.10415281,0 104.76773350,22.10415281,0 104.77100585,22.10138761,0 104.77100585,22.10138761,0 104.76942199,22.10004116,0 104.76942199,22.10004116,0 104.77043994,22.09870271,0 104.77043994,22.09870271,0 104.77191522,22.09865257,0 104.77191522,22.09865257,0 104.77457749,22.09877177,0 104.77457749,22.09877177,0 104.77454012,22.09958807,0 104.77454012,22.09958807,0 104.77535764,22.09961098,0 104.77535764,22.09961098,0 104.77593941,22.09995391,0 104.77593941,22.09995391,0 104.77757756,22.10008352,0 104.77757756,22.10008352,0 104.77719039,22.10120200,0 104.77719039,22.10120200,0 104.77780049,22.10164553,0 104.77780049,22.10164553,0 104.77989438,22.10179292,0 104.77989438,22.10179292,0 104.77981097,22.10195795,0 104.77981097,22.10195795,0 104.77993816,22.10209214,0 104.77993816,22.10209214,0 104.78214630,22.10209172,0 104.78214630,22.10209172,0 104.78229943,22.10165401,0 104.78229943,22.10165401,0 104.78235315,22.10173628,0 104.78235315,22.10173628,0 104.78292394,22.10187399,0 104.78292394,22.10187399,0 104.78345324,22.10195418,0 104.78345324,22.10195418,0 104.78371791,22.10225949,0 104.78371791,22.10225949,0 104.78445522,22.10241956,0 104.78445522,22.10241956,0 104.78445595,22.10579708,0 104.78445595,22.10579708,0 104.78433782,22.10590269,0 104.78433782,22.10590269,0 104.78430043,22.10600421,0 104.78430043,22.10600421,0 104.78435841,22.10686782,0 104.78435841,22.10686782,0 104.78419666,22.10694038,0 104.78419666,22.10694038,0 104.78408936,22.10649586,0 104.78408936,22.10649586,0 104.78392247,22.10614591,0 104.78392247,22.10614591,0 104.78373778,22.10592928,0 104.78373778,22.10592928,0 104.78347566,22.10575709,0 104.78347566,22.10575709,0 104.78317788,22.10565157,0 104.78317788,22.10565157,0 104.78091458,22.10538531,0 104.78091458,22.10538531,0 104.78017011,22.10537985,0 104.78017011,22.10537985,0 104.77611414,22.10566947,0 104.77611414,22.10566947,0 104.77563903,22.10570342,0 104.77563903,22.10570342,0 104.77329097,22.10571226,0 104.77329097,22.10571226,0 104.77286678,22.10356664,0 104.77286678,22.10356664,0 104.77166527,22.10377291,0 104.77166527,22.10377291,0 104.76893749,22.10432942,0 104.76893749,22.10432942,0 104.76720582,22.10468267,0 104.76720582,22.10468267,0 104.76718612,22.10451233,0 104.76718612,22.10451233,0</coordinates></LinearRing></outerBoundaryIs></Polygon></Placemark>
<Placemark><name>CCN Minh Quân</name><styleUrl>#ccn</styleUrl><description><![CDATA[<h3>CCN Minh Quân</h3><table border='0' cellpadding='3'><tr><td><b>Loại</b></td><td>Cụm công nghiệp</td></tr><tr><td><b>Xã/phường</b></td><td>Phường Âu Lâu</td></tr><tr><td><b>Diện tích quy hoạch</b></td><td>75 ha</td></tr><tr><td><b>Diện tích tính từ tọa độ</b></td><td>72.79 ha</td></tr><tr><td><b>Tình trạng</b></td><td>Đã thành lập</td></tr><tr><td><b>Số đỉnh ranh giới</b></td><td>12</td></tr></table>]]></description><ExtendedData><Data name='loai'><value>CCN</value></Data><Data name='ten'><value>Minh Quân</value></Data><Data name='xa_phuong'><value>Phường Âu Lâu</value></Data><Data name='dien_tich_qh_ha'><value>75</value></Data><Data name='dien_tich_tinh_ha'><value>72.79</value></Data><Data name='tinh_trang'><value>Đã thành lập</value></Data><Data name='so_dinh'><value>12</value></Data></ExtendedData><Polygon><tessellate>1</tessellate><outerBoundaryIs><LinearRing><coordinates>104.9137305,21.6531627,0 104.9173963,21.6566907,0 104.9176188,21.6569072,0 104.9206368,21.6598126,0 104.9263600,21.6545498,0 104.9231583,21.6514641,0 104.9229261,21.6512386,0 104.9213495,21.6497409,0 104.9175619,21.6495009,0 104.9137305,21.6531627,0</coordinates></LinearRing></outerBoundaryIs></Polygon></Placemark>
<Placemark><name>CCN Y Can</name><styleUrl>#ccn</styleUrl><description><![CDATA[<h3>CCN Y Can</h3><table border='0' cellpadding='3'><tr><td><b>Loại</b></td><td>Cụm công nghiệp</td></tr><tr><td><b>Xã/phường</b></td><td>Xã Quy Mông</td></tr><tr><td><b>Diện tích quy hoạch</b></td><td>75 ha</td></tr><tr><td><b>Diện tích tính từ tọa độ</b></td><td>75.69 ha</td></tr><tr><td><b>Tình trạng</b></td><td>Đã thành lập</td></tr><tr><td><b>Số đỉnh ranh giới</b></td><td>10</td></tr></table><p style='font-size:11px;color:#666'>◆ Nguồn KMZ/CAD 2025 (ranh tạm, đối chiếu hồ sơ)</p>]]></description><ExtendedData><Data name='loai'><value>CCN</value></Data><Data name='ten'><value>Y Can</value></Data><Data name='xa_phuong'><value>Xã Quy Mông</value></Data><Data name='dien_tich_qh_ha'><value>75</value></Data><Data name='dien_tich_tinh_ha'><value>75.69</value></Data><Data name='tinh_trang'><value>Đã thành lập</value></Data><Data name='so_dinh'><value>10</value></Data></ExtendedData><Polygon><tessellate>1</tessellate><outerBoundaryIs><LinearRing><coordinates>104.82446992,21.73429625,0 104.82729856,21.72925978,0 104.82729856,21.72925978,0 104.83770431,21.73445082,0 104.83770431,21.73445082,0 104.83469903,21.73901246,0 104.83469903,21.73901246,0 104.83440105,21.73929026,0 104.83440105,21.73929026,0 104.82446992,21.73429625,0 104.82446992,21.73429625,0</coordinates></LinearRing></outerBoundaryIs></Polygon></Placemark>
<Placemark><name>CCN Bắc Văn Yên</name><styleUrl>#ccn</styleUrl><description><![CDATA[<h3>CCN Bắc Văn Yên</h3><table border='0' cellpadding='3'><tr><td><b>Loại</b></td><td>Cụm công nghiệp</td></tr><tr><td><b>Xã/phường</b></td><td>Xã Đông Cuông</td></tr><tr><td><b>Diện tích quy hoạch</b></td><td>55 ha</td></tr><tr><td><b>Diện tích tính từ tọa độ</b></td><td>51.07 ha</td></tr><tr><td><b>Tình trạng</b></td><td>Đã thành lập</td></tr><tr><td><b>Số đỉnh ranh giới</b></td><td>30</td></tr></table><p style='font-size:11px;color:#666'>◆ Nguồn KMZ/CAD 2025 (ranh tạm, đối chiếu hồ sơ)</p>]]></description><ExtendedData><Data name='loai'><value>CCN</value></Data><Data name='ten'><value>Bắc Văn Yên</value></Data><Data name='xa_phuong'><value>Xã Đông Cuông</value></Data><Data name='dien_tich_qh_ha'><value>55</value></Data><Data name='dien_tich_tinh_ha'><value>51.07</value></Data><Data name='tinh_trang'><value>Đã thành lập</value></Data><Data name='so_dinh'><value>30</value></Data></ExtendedData><Polygon><tessellate>1</tessellate><outerBoundaryIs><LinearRing><coordinates>104.62615805,21.93576785,0 104.62454607,21.93392890,0 104.62454607,21.93392890,0 104.62293393,21.93515899,0 104.62293393,21.93515899,0 104.61951160,21.93273384,0 104.61951160,21.93273384,0 104.62274063,21.92871065,0 104.62274063,21.92871065,0 104.62468983,21.93028461,0 104.62468983,21.93028461,0 104.62786679,21.93124087,0 104.62786679,21.93124087,0 104.62871341,21.93149565,0 104.62871341,21.93149565,0 104.63160023,21.93137321,0 104.63160023,21.93137321,0 104.63311231,21.93137537,0 104.63311231,21.93137537,0 104.63289167,21.93199752,0 104.63289167,21.93199752,0 104.63361697,21.93254248,0 104.63361697,21.93254248,0 104.63332080,21.93283346,0 104.63332080,21.93283346,0 104.63071872,21.93323948,0 104.63071872,21.93323948,0 104.62938586,21.93362426,0 104.62938586,21.93362426,0 104.62615805,21.93576785,0 104.62615805,21.93576785,0</coordinates></LinearRing></outerBoundaryIs></Polygon></Placemark>
<Placemark><name>CCN Phố Ràng</name><styleUrl>#ccn</styleUrl><description><![CDATA[<h3>CCN Phố Ràng</h3><table border='0' cellpadding='3'><tr><td><b>Loại</b></td><td>Cụm công nghiệp</td></tr><tr><td><b>Xã/phường</b></td><td>Xã Bảo Yên</td></tr><tr><td><b>Diện tích quy hoạch</b></td><td>31.01 ha</td></tr><tr><td><b>Diện tích tính từ tọa độ</b></td><td>11.22 ha</td></tr><tr><td><b>Tình trạng</b></td><td>Đã thành lập</td></tr><tr><td><b>Số đỉnh ranh giới</b></td><td>64</td></tr></table><p style='font-size:11px;color:#666'>◆ Nguồn KMZ/CAD 2025 (ranh tạm, đối chiếu hồ sơ)</p>]]></description><ExtendedData><Data name='loai'><value>CCN</value></Data><Data name='ten'><value>Phố Ràng</value></Data><Data name='xa_phuong'><value>Xã Bảo Yên</value></Data><Data name='dien_tich_qh_ha'><value>31.01</value></Data><Data name='dien_tich_tinh_ha'><value>11.22</value></Data><Data name='tinh_trang'><value>Đã thành lập</value></Data><Data name='so_dinh'><value>64</value></Data></ExtendedData><Polygon><tessellate>1</tessellate><outerBoundaryIs><LinearRing><coordinates>104.49489625,22.22140924,0 104.49518678,22.22354784,0 104.49518678,22.22354784,0 104.49507614,22.22363301,0 104.49507614,22.22363301,0 104.49480051,22.22376679,0 104.49480051,22.22376679,0 104.49459681,22.22386789,0 104.49459681,22.22386789,0 104.49422083,22.22402969,0 104.49422083,22.22402969,0 104.49403672,22.22413010,0 104.49403672,22.22413010,0 104.49388252,22.22432404,0 104.49388252,22.22432404,0 104.49377236,22.22446900,0 104.49377236,22.22446900,0 104.49331327,22.22487497,0 104.49331327,22.22487497,0 104.49315122,22.22501109,0 104.49315122,22.22501109,0 104.49253454,22.22550595,0 104.49253454,22.22550595,0 104.49178005,22.22644973,0 104.49178005,22.22644973,0 104.49051106,22.22701526,0 104.49051106,22.22701526,0 104.49023354,22.22695376,0 104.49023354,22.22695376,0 104.49002993,22.22653347,0 104.49002993,22.22653347,0 104.48976617,22.22606051,0 104.48976617,22.22606051,0 104.48997506,22.22598697,0 104.48997506,22.22598697,0 104.49053466,22.22573507,0 104.49053466,22.22573507,0 104.49089082,22.22554742,0 104.49089082,22.22554742,0 104.49110433,22.22533253,0 104.49110433,22.22533253,0 104.49128631,22.22506811,0 104.49128631,22.22506811,0 104.49153856,22.22478320,0 104.49153856,22.22478320,0 104.49194280,22.22423870,0 104.49194280,22.22423870,0 104.49201487,22.22402729,0 104.49201487,22.22402729,0 104.49215526,22.22380344,0 104.49215526,22.22380344,0 104.49238247,22.22357358,0 104.49238247,22.22357358,0 104.49324104,22.22262021,0 104.49324104,22.22262021,0 104.49332998,22.22246411,0 104.49332998,22.22246411,0 104.49363083,22.22217196,0 104.49363083,22.22217196,0 104.49430237,22.22174645,0 104.49430237,22.22174645,0 104.49469238,22.22149734,0 104.49469238,22.22149734,0 104.49489625,22.22140924,0 104.49489625,22.22140924,0</coordinates></LinearRing></outerBoundaryIs></Polygon></Placemark>
<Placemark><name>CCN Thống Nhất 1</name><styleUrl>#ccn</styleUrl><description><![CDATA[<h3>CCN Thống Nhất 1</h3><table border='0' cellpadding='3'><tr><td><b>Loại</b></td><td>Cụm công nghiệp</td></tr><tr><td><b>Xã/phường</b></td><td>Xã Gia Phú</td></tr><tr><td><b>Diện tích quy hoạch</b></td><td>75 ha</td></tr><tr><td><b>Diện tích tính từ tọa độ</b></td><td>75.15 ha</td></tr><tr><td><b>Tình trạng</b></td><td>Đã thành lập</td></tr><tr><td><b>Số đỉnh ranh giới</b></td><td>27</td></tr></table><p style='font-size:11px;color:#666'>◆ Nguồn KMZ 7/2026 (gốc bảng tọa độ VN-2000, chuyển đổi lại; DT tính ≈75,15 ha khớp 75 ha)</p>]]></description><ExtendedData><Data name='loai'><value>CCN</value></Data><Data name='ten'><value>Thống Nhất 1</value></Data><Data name='xa_phuong'><value>Xã Gia Phú</value></Data><Data name='dien_tich_qh_ha'><value>75</value></Data><Data name='dien_tich_tinh_ha'><value>75.15</value></Data><Data name='tinh_trang'><value>Đã thành lập</value></Data><Data name='so_dinh'><value>27</value></Data></ExtendedData><Polygon><tessellate>1</tessellate><outerBoundaryIs><LinearRing><coordinates>104.03800852,22.38460587,0 104.03798857,22.38618006,0 104.03864822,22.38649019,0 104.03949184,22.38646789,0 104.03955738,22.38648904,0 104.04003312,22.38664258,0 104.04073918,22.38712838,0 104.04102077,22.38748074,0 104.04132297,22.38838309,0 104.04278489,22.38734830,0 104.04398746,22.38672527,0 104.04626619,22.38591275,0 104.04794552,22.38579858,0 104.05071204,22.38637437,0 104.05104919,22.38647535,0 104.05173383,22.38674662,0 104.05397331,22.38268943,0 104.05123435,22.38006613,0 104.05051144,22.37935696,0 104.04949443,22.38009771,0 104.04813120,22.38099616,0 104.04762269,22.38129803,0 104.04644330,22.38190078,0 104.04534705,22.38238170,0 104.04508560,22.38248514,0 104.04300588,22.38316765,0 104.04026758,22.38395572,0 104.03800852,22.38460587,0</coordinates></LinearRing></outerBoundaryIs></Polygon></Placemark>
<Placemark><name>CCN Phú Thịnh 4</name><styleUrl>#ccn</styleUrl><description><![CDATA[<h3>CCN Phú Thịnh 4</h3><table border='0' cellpadding='3'><tr><td><b>Loại</b></td><td>Cụm công nghiệp</td></tr><tr><td><b>Xã/phường</b></td><td>Yên Bình</td></tr><tr><td><b>Diện tích quy hoạch</b></td><td>75 ha</td></tr><tr><td><b>Diện tích tính từ tọa độ</b></td><td>27.83 ha</td></tr><tr><td><b>Tình trạng</b></td><td>Quy hoạch</td></tr><tr><td><b>Số đỉnh ranh giới</b></td><td>6</td></tr></table>]]></description><ExtendedData><Data name='loai'><value>CCN</value></Data><Data name='ten'><value>Phú Thịnh 4</value></Data><Data name='xa_phuong'><value>Yên Bình</value></Data><Data name='dien_tich_qh_ha'><value>75</value></Data><Data name='dien_tich_tinh_ha'><value>27.83</value></Data><Data name='tinh_trang'><value>Quy hoạch</value></Data><Data name='so_dinh'><value>6</value></Data></ExtendedData><Polygon><tessellate>1</tessellate><outerBoundaryIs><LinearRing><coordinates>104.97435587,21.70703882,0 104.98176214,21.71531979,0 104.97851617,21.71178613,0 104.98194068,21.70586124,0 104.97873028,21.70610587,0 104.97517118,21.70538807,0 104.97435587,21.70703882,0</coordinates></LinearRing></outerBoundaryIs></Polygon></Placemark>
<Placemark><name>CCN Bảo Minh</name><styleUrl>#ccn</styleUrl><description><![CDATA[<h3>CCN Bảo Minh</h3><table border='0' cellpadding='3'><tr><td><b>Loại</b></td><td>Cụm công nghiệp</td></tr><tr><td><b>Xã/phường</b></td><td>Phường Âu Lâu</td></tr><tr><td><b>Diện tích quy hoạch</b></td><td>60 ha</td></tr><tr><td><b>Diện tích tính từ tọa độ</b></td><td>60.00 ha</td></tr><tr><td><b>Tình trạng</b></td><td>Quy hoạch</td></tr><tr><td><b>Số đỉnh ranh giới</b></td><td>9</td></tr></table>]]></description><ExtendedData><Data name='loai'><value>CCN</value></Data><Data name='ten'><value>Bảo Minh</value></Data><Data name='xa_phuong'><value>Phường Âu Lâu</value></Data><Data name='dien_tich_qh_ha'><value>60</value></Data><Data name='dien_tich_tinh_ha'><value>60.00</value></Data><Data name='tinh_trang'><value>Quy hoạch</value></Data><Data name='so_dinh'><value>9</value></Data></ExtendedData><Polygon><tessellate>1</tessellate><outerBoundaryIs><LinearRing><coordinates>104.91218196,21.66180641,0 104.91218243,21.66188851,0 104.91236981,21.66208550,0 104.91543745,21.66482611,0 104.91755399,21.66671651,0 104.92125078,21.66356401,0 104.92254314,21.66276305,0 104.92067836,21.65985253,0 104.91760526,21.65689425,0 104.91218196,21.66180641,0</coordinates></LinearRing></outerBoundaryIs></Polygon></Placemark>
<Placemark><name>CCN Tân Lĩnh</name><styleUrl>#ccn</styleUrl><description><![CDATA[<h3>CCN Tân Lĩnh</h3><table border='0' cellpadding='3'><tr><td><b>Loại</b></td><td>Cụm công nghiệp</td></tr><tr><td><b>Xã/phường</b></td><td>Xã Tân Lĩnh</td></tr><tr><td><b>Diện tích quy hoạch</b></td><td>75 ha</td></tr><tr><td><b>Diện tích tính từ tọa độ</b></td><td>75.16 ha</td></tr><tr><td><b>Tình trạng</b></td><td>Quy hoạch</td></tr><tr><td><b>Số đỉnh ranh giới</b></td><td>20</td></tr></table>]]></description><ExtendedData><Data name='loai'><value>CCN</value></Data><Data name='ten'><value>Tân Lĩnh</value></Data><Data name='xa_phuong'><value>Xã Tân Lĩnh</value></Data><Data name='dien_tich_qh_ha'><value>75</value></Data><Data name='dien_tich_tinh_ha'><value>75.16</value></Data><Data name='tinh_trang'><value>Quy hoạch</value></Data><Data name='so_dinh'><value>20</value></Data></ExtendedData><Polygon><tessellate>1</tessellate><outerBoundaryIs><LinearRing><coordinates>104.73918716,22.10784109,0 104.74004299,22.10812609,0 104.74218814,22.10790114,0 104.74433040,22.10697113,0 104.74436025,22.10709550,0 104.74676399,22.10604978,0 104.74687399,22.10630691,0 104.74784430,22.10589824,0 104.75068899,22.10391171,0 104.75217241,22.10600626,0 104.75655642,22.10350732,0 104.75610106,22.10284585,0 104.76095008,22.10109813,0 104.76059491,22.09913003,0 104.76141915,22.09843344,0 104.75882238,22.09619471,0 104.75709154,22.09793821,0 104.75598728,22.09843689,0 104.75073405,22.10225817,0 104.74170165,22.10661291,0 104.73918716,22.10784109,0</coordinates></LinearRing></outerBoundaryIs></Polygon></Placemark>
<Placemark><name>CCN Thượng Bằng La</name><styleUrl>#ccn</styleUrl><description><![CDATA[<h3>CCN Thượng Bằng La</h3><table border='0' cellpadding='3'><tr><td><b>Loại</b></td><td>Cụm công nghiệp</td></tr><tr><td><b>Xã/phường</b></td><td>Xã Thượng Bằng La</td></tr><tr><td><b>Diện tích quy hoạch</b></td><td>20 ha</td></tr><tr><td><b>Diện tích tính từ tọa độ</b></td><td>27.27 ha</td></tr><tr><td><b>Tình trạng</b></td><td>Quy hoạch</td></tr><tr><td><b>Số đỉnh ranh giới</b></td><td>20</td></tr></table>]]></description><ExtendedData><Data name='loai'><value>CCN</value></Data><Data name='ten'><value>Thượng Bằng La</value></Data><Data name='xa_phuong'><value>Xã Thượng Bằng La</value></Data><Data name='dien_tich_qh_ha'><value>20</value></Data><Data name='dien_tich_tinh_ha'><value>27.27</value></Data><Data name='tinh_trang'><value>Quy hoạch</value></Data><Data name='so_dinh'><value>20</value></Data></ExtendedData><Polygon><tessellate>1</tessellate><outerBoundaryIs><LinearRing><coordinates>104.77332306,21.44261748,0 104.76952658,21.44084867,0 104.77037818,21.43732246,0 104.77075585,21.43712569,0 104.77100634,21.43739446,0 104.77142249,21.43707845,0 104.77157812,21.43717011,0 104.77173367,21.43739509,0 104.77220675,21.43716976,0 104.77210561,21.43697467,0 104.77250076,21.43686487,0 104.77379706,21.43669705,0 104.77456575,21.43713086,0 104.77464757,21.43719471,0 104.77482437,21.43757369,0 104.77489779,21.43811852,0 104.77492695,21.43886650,0 104.77487521,21.43926782,0 104.77502344,21.43946967,0 104.77561364,21.43976748,0 104.77332306,21.44261748,0</coordinates></LinearRing></outerBoundaryIs></Polygon></Placemark>
<Placemark><name>CCN Bản Phung</name><styleUrl>#ccn</styleUrl><description><![CDATA[<h3>CCN Bản Phung</h3><table border='0' cellpadding='3'><tr><td><b>Loại</b></td><td>Cụm công nghiệp</td></tr><tr><td><b>Xã/phường</b></td><td>Văn Bàn</td></tr><tr><td><b>Diện tích quy hoạch</b></td><td>40 ha</td></tr><tr><td><b>Diện tích tính từ tọa độ</b></td><td>40.10 ha</td></tr><tr><td><b>Tình trạng</b></td><td>Quy hoạch</td></tr><tr><td><b>Số đỉnh ranh giới</b></td><td>32</td></tr></table>]]></description><ExtendedData><Data name='loai'><value>CCN</value></Data><Data name='ten'><value>Bản Phung</value></Data><Data name='xa_phuong'><value>Văn Bàn</value></Data><Data name='dien_tich_qh_ha'><value>40</value></Data><Data name='dien_tich_tinh_ha'><value>40.10</value></Data><Data name='tinh_trang'><value>Quy hoạch</value></Data><Data name='so_dinh'><value>32</value></Data></ExtendedData><Polygon><tessellate>1</tessellate><outerBoundaryIs><LinearRing><coordinates>104.24753731,22.12504370,0 104.25051314,22.12505283,0 104.25059097,22.12497179,0 104.25074695,22.12471938,0 104.25082552,22.12443061,0 104.25084576,22.12418683,0 104.25091673,22.12330195,0 104.25099542,22.12297706,0 104.25118061,22.12268862,0 104.25145281,22.12246366,0 104.25177316,22.12232917,0 104.25213193,22.12229413,0 104.25279093,22.12233227,0 104.25332680,22.12154816,0 104.25328638,22.11925403,0 104.25254972,22.11925178,0 104.25234009,22.11822155,0 104.25234171,22.11776095,0 104.25232524,22.11693000,0 104.25246268,22.11643368,0 104.25234728,22.11617142,0 104.25225201,22.11570149,0 104.24997424,22.11569453,0 104.24997051,22.11675121,0 104.25020241,22.11695964,0 104.25065780,22.11700619,0 104.25088925,22.11734106,0 104.24996720,22.11769047,0 104.24996456,22.11844008,0 104.24871419,22.11843625,0 104.24870904,22.11989031,0 104.24755559,22.11988676,0 104.24753731,22.12504370,0</coordinates></LinearRing></outerBoundaryIs></Polygon></Placemark>
<Placemark><name>CCN Khánh Yên Thượng</name><styleUrl>#ccn</styleUrl><description><![CDATA[<h3>CCN Khánh Yên Thượng</h3><table border='0' cellpadding='3'><tr><td><b>Loại</b></td><td>Cụm công nghiệp</td></tr><tr><td><b>Xã/phường</b></td><td>Xã Văn Bàn</td></tr><tr><td><b>Diện tích quy hoạch</b></td><td>17.17 ha</td></tr><tr><td><b>Diện tích tính từ tọa độ</b></td><td>5.18 ha</td></tr><tr><td><b>Tình trạng</b></td><td>Đã thành lập</td></tr><tr><td><b>Số đỉnh ranh giới</b></td><td>24</td></tr></table><p style='font-size:11px;color:#666'>◆ Nguồn KMZ/CAD 2025 (ranh tạm, đối chiếu hồ sơ)</p>]]></description><ExtendedData><Data name='loai'><value>CCN</value></Data><Data name='ten'><value>Khánh Yên Thượng</value></Data><Data name='xa_phuong'><value>Xã Văn Bàn</value></Data><Data name='dien_tich_qh_ha'><value>17.17</value></Data><Data name='dien_tich_tinh_ha'><value>5.18</value></Data><Data name='tinh_trang'><value>Đã thành lập</value></Data><Data name='so_dinh'><value>24</value></Data></ExtendedData><Polygon><tessellate>1</tessellate><outerBoundaryIs><LinearRing><coordinates>104.29327988,22.08440582,0 104.29337169,22.08448456,0 104.29337169,22.08448456,0 104.29402617,22.08398062,0 104.29402617,22.08398062,0 104.29418316,22.08388713,0 104.29418316,22.08388713,0 104.29433788,22.08378044,0 104.29433788,22.08378044,0 104.29515901,22.08319098,0 104.29515901,22.08319098,0 104.29465744,22.08240131,0 104.29465744,22.08240131,0 104.29463119,22.08236637,0 104.29463119,22.08236637,0 104.29403648,22.08158158,0 104.29403648,22.08158158,0 104.29353860,22.08187959,0 104.29353860,22.08187959,0 104.29332994,22.08212819,0 104.29332994,22.08212819,0 104.29211375,22.08307130,0 104.29211375,22.08307130,0 104.29327988,22.08440582,0 104.29327988,22.08440582,0</coordinates></LinearRing></outerBoundaryIs></Polygon></Placemark>
<Placemark><name>CCN Âu Lâu</name><styleUrl>#ccn</styleUrl><description><![CDATA[<h3>CCN Âu Lâu</h3><table border='0' cellpadding='3'><tr><td><b>Loại</b></td><td>Cụm công nghiệp</td></tr><tr><td><b>Xã/phường</b></td><td>Phường Âu Lâu</td></tr><tr><td><b>Diện tích quy hoạch</b></td><td>75 ha</td></tr><tr><td><b>Diện tích tính từ tọa độ</b></td><td>75.36 ha</td></tr><tr><td><b>Tình trạng</b></td><td>Đã thành lập</td></tr><tr><td><b>Số đỉnh ranh giới</b></td><td>76</td></tr></table><p style='font-size:11px;color:#666'>◆ Nguồn KMZ/CAD 2025 (ranh tạm, đối chiếu hồ sơ)</p>]]></description><ExtendedData><Data name='loai'><value>CCN</value></Data><Data name='ten'><value>Âu Lâu</value></Data><Data name='xa_phuong'><value>Phường Âu Lâu</value></Data><Data name='dien_tich_qh_ha'><value>75</value></Data><Data name='dien_tich_tinh_ha'><value>75.36</value></Data><Data name='tinh_trang'><value>Đã thành lập</value></Data><Data name='so_dinh'><value>76</value></Data></ExtendedData><Polygon><tessellate>1</tessellate><outerBoundaryIs><LinearRing><coordinates>104.82344249,21.71049704,0 104.82203770,21.70799032,0 104.82203770,21.70799032,0 104.82848726,21.70513366,0 104.82848726,21.70513366,0 104.82896197,21.70469664,0 104.82896197,21.70469664,0 104.82918852,21.70433687,0 104.82918852,21.70433687,0 104.83004594,21.70402990,0 104.83004594,21.70402990,0 104.83076549,21.70415862,0 104.83076549,21.70415862,0 104.83155395,21.70394616,0 104.83155395,21.70394616,0 104.83224363,21.70338329,0 104.83224363,21.70338329,0 104.83306197,21.70372403,0 104.83306197,21.70372403,0 104.83388360,21.70420513,0 104.83388360,21.70420513,0 104.83427896,21.70446776,0 104.83427896,21.70446776,0 104.83399792,21.70483723,0 104.83399792,21.70483723,0 104.83414461,21.70578518,0 104.83414461,21.70578518,0 104.83423561,21.70637367,0 104.83423561,21.70637367,0 104.83504156,21.70746128,0 104.83504156,21.70746128,0 104.83520487,21.70805579,0 104.83520487,21.70805579,0 104.83500222,21.70810431,0 104.83500222,21.70810431,0 104.83282885,21.70980111,0 104.83282885,21.70980111,0 104.83188853,21.71039707,0 104.83188853,21.71039707,0 104.83152891,21.71062486,0 104.83152891,21.71062486,0 104.83122957,21.71063449,0 104.83122957,21.71063449,0 104.83034552,21.71109331,0 104.83034552,21.71109331,0 104.82972053,21.71161007,0 104.82972053,21.71161007,0 104.82909564,21.71212674,0 104.82909564,21.71212674,0 104.82829564,21.71200591,0 104.82829564,21.71200591,0 104.82777730,21.71171640,0 104.82777730,21.71171640,0 104.82771524,21.71152666,0 104.82771524,21.71152666,0 104.82726477,21.71179034,0 104.82726477,21.71179034,0 104.82675191,21.71124784,0 104.82675191,21.71124784,0 104.82655470,21.71117946,0 104.82655470,21.71117946,0 104.82599136,21.71114287,0 104.82599136,21.71114287,0 104.82559506,21.71111704,0 104.82559506,21.71111704,0 104.82505106,21.71089573,0 104.82505106,21.71089573,0 104.82468027,21.71068301,0 104.82468027,21.71068301,0 104.82435763,21.71066933,0 104.82435763,21.71066933,0 104.82414359,21.71078531,0 104.82414359,21.71078531,0 104.82391268,21.71079074,0 104.82391268,21.71079074,0 104.82344249,21.71049704,0 104.82344249,21.71049704,0</coordinates></LinearRing></outerBoundaryIs></Polygon></Placemark>
<Placemark><name>CCN Đông An</name><styleUrl>#ccn</styleUrl><description><![CDATA[<h3>CCN Đông An</h3><table border='0' cellpadding='3'><tr><td><b>Loại</b></td><td>Cụm công nghiệp</td></tr><tr><td><b>Xã/phường</b></td><td>Xã Đông Cuông</td></tr><tr><td><b>Diện tích quy hoạch</b></td><td>50 ha</td></tr><tr><td><b>Diện tích tính từ tọa độ</b></td><td>44.79 ha</td></tr><tr><td><b>Tình trạng</b></td><td>Đã thành lập</td></tr><tr><td><b>Số đỉnh ranh giới</b></td><td>38</td></tr></table><p style='font-size:11px;color:#666'>◆ Nguồn KMZ/CAD 2025 (ranh tạm, đối chiếu hồ sơ)</p>]]></description><ExtendedData><Data name='loai'><value>CCN</value></Data><Data name='ten'><value>Đông An</value></Data><Data name='xa_phuong'><value>Xã Đông Cuông</value></Data><Data name='dien_tich_qh_ha'><value>50</value></Data><Data name='dien_tich_tinh_ha'><value>44.79</value></Data><Data name='tinh_trang'><value>Đã thành lập</value></Data><Data name='so_dinh'><value>38</value></Data></ExtendedData><Polygon><tessellate>1</tessellate><outerBoundaryIs><LinearRing><coordinates>104.56540572,21.97816402,0 104.56905750,21.97136056,0 104.56905750,21.97136056,0 104.57038631,21.97136202,0 104.57038631,21.97136202,0 104.57093048,21.97200243,0 104.57093048,21.97200243,0 104.57146403,21.97160796,0 104.57146403,21.97160796,0 104.57288683,21.97226486,0 104.57288683,21.97226486,0 104.57297356,21.97236855,0 104.57297356,21.97236855,0 104.57343837,21.97384630,0 104.57343837,21.97384630,0 104.57363428,21.97422441,0 104.57363428,21.97422441,0 104.57363233,21.97430768,0 104.57363233,21.97430768,0 104.57185239,21.97737552,0 104.57185239,21.97737552,0 104.57123728,21.97792905,0 104.57123728,21.97792905,0 104.57055688,21.97833393,0 104.57055688,21.97833393,0 104.56950910,21.97872729,0 104.56950910,21.97872729,0 104.56869962,21.97890415,0 104.56869962,21.97890415,0 104.56793196,21.97893663,0 104.56793196,21.97893663,0 104.56728342,21.97888036,0 104.56728342,21.97888036,0 104.56672424,21.97876304,0 104.56672424,21.97876304,0 104.56647105,21.97865727,0 104.56647105,21.97865727,0 104.56540572,21.97816402,0 104.56540572,21.97816402,0</coordinates></LinearRing></outerBoundaryIs></Polygon></Placemark>
<Placemark><name>CCN Thịnh Hưng</name><styleUrl>#ccn</styleUrl><description><![CDATA[<h3>CCN Thịnh Hưng</h3><table border='0' cellpadding='3'><tr><td><b>Loại</b></td><td>Cụm công nghiệp</td></tr><tr><td><b>Xã/phường</b></td><td>Xã Yên Bình</td></tr><tr><td><b>Diện tích quy hoạch</b></td><td>75 ha</td></tr><tr><td><b>Diện tích tính từ tọa độ</b></td><td>31.89 ha</td></tr><tr><td><b>Tình trạng</b></td><td>Đã thành lập</td></tr><tr><td><b>Số đỉnh ranh giới</b></td><td>86</td></tr></table><p style='font-size:11px;color:#666'>◆ Nguồn KMZ/CAD 2025 (ranh tạm, đối chiếu hồ sơ)</p>]]></description><ExtendedData><Data name='loai'><value>CCN</value></Data><Data name='ten'><value>Thịnh Hưng</value></Data><Data name='xa_phuong'><value>Xã Yên Bình</value></Data><Data name='dien_tich_qh_ha'><value>75</value></Data><Data name='dien_tich_tinh_ha'><value>31.89</value></Data><Data name='tinh_trang'><value>Đã thành lập</value></Data><Data name='so_dinh'><value>86</value></Data></ExtendedData><Polygon><tessellate>1</tessellate><outerBoundaryIs><LinearRing><coordinates>104.99497270,21.71344748,0 104.99258574,21.71511643,0 104.99258574,21.71511643,0 104.99364328,21.71643710,0 104.99364328,21.71643710,0 104.99617531,21.71776433,0 104.99617531,21.71776433,0 104.99632799,21.71751003,0 104.99632799,21.71751003,0 104.99708674,21.71715177,0 104.99708674,21.71715177,0 104.99808931,21.71710475,0 104.99808931,21.71710475,0 104.99875886,21.71704143,0 104.99875886,21.71704143,0 104.99935332,21.71771614,0 104.99935332,21.71771614,0 104.99959062,21.71783058,0 104.99959062,21.71783058,0 104.99973431,21.71780200,0 104.99973431,21.71780200,0 105.00027437,21.71736800,0 105.00027437,21.71736800,0 105.00038412,21.71705397,0 105.00038412,21.71705397,0 105.00032316,21.71674029,0 105.00032316,21.71674029,0 104.99987950,21.71657242,0 104.99987950,21.71657242,0 104.99923319,21.71621147,0 104.99923319,21.71621147,0 104.99945886,21.71591208,0 104.99945886,21.71591208,0 105.00118374,21.71585690,0 105.00118374,21.71585690,0 105.00118969,21.71472119,0 105.00118969,21.71472119,0 104.99964341,21.71475586,0 104.99964341,21.71475586,0 104.99964777,21.71492747,0 104.99964777,21.71492747,0 104.99923713,21.71496602,0 104.99923713,21.71496602,0 104.99916530,21.71490281,0 104.99916530,21.71490281,0 104.99890974,21.71490320,0 104.99890974,21.71490320,0 104.99872976,21.71529501,0 104.99872976,21.71529501,0 104.99772709,21.71538882,0 104.99772709,21.71538882,0 104.99713499,21.71523733,0 104.99713499,21.71523733,0 104.99732020,21.71496600,0 104.99732020,21.71496600,0 104.99794447,21.71454435,0 104.99794447,21.71454435,0 104.99817750,21.71459097,0 104.99817750,21.71459097,0 104.99848283,21.71441529,0 104.99848283,21.71441529,0 104.99904650,21.71393917,0 104.99904650,21.71393917,0 104.99670988,21.71200608,0 104.99670988,21.71200608,0 104.99658040,21.71214275,0 104.99658040,21.71214275,0 104.99636239,21.71211047,0 104.99636239,21.71211047,0 104.99582649,21.71169497,0 104.99582649,21.71169497,0 104.99563499,21.71167945,0 104.99563499,21.71167945,0 104.99534232,21.71185384,0 104.99534232,21.71185384,0 104.99517547,21.71195326,0 104.99517547,21.71195326,0 104.99483029,21.71194483,0 104.99483029,21.71194483,0 104.99456000,21.71220798,0 104.99456000,21.71220798,0 104.99428658,21.71198727,0 104.99428658,21.71198727,0 104.99375947,21.71242385,0 104.99375947,21.71242385,0 104.99497270,21.71344748,0 104.99497270,21.71344748,0</coordinates></LinearRing></outerBoundaryIs></Polygon></Placemark>
<Placemark><name>CCN Báo Đáp</name><styleUrl>#ccn</styleUrl><description><![CDATA[<h3>CCN Báo Đáp</h3><table border='0' cellpadding='3'><tr><td><b>Loại</b></td><td>Cụm công nghiệp</td></tr><tr><td><b>Xã/phường</b></td><td>Xã Trấn Yên</td></tr><tr><td><b>Diện tích quy hoạch</b></td><td>60 ha</td></tr><tr><td><b>Diện tích tính từ tọa độ</b></td><td>20.67 ha</td></tr><tr><td><b>Tình trạng</b></td><td>Đã thành lập</td></tr><tr><td><b>Số đỉnh ranh giới</b></td><td>54</td></tr></table><p style='font-size:11px;color:#666'>◆ Nguồn KMZ/CAD 2025 (ranh tạm, đối chiếu hồ sơ)</p>]]></description><ExtendedData><Data name='loai'><value>CCN</value></Data><Data name='ten'><value>Báo Đáp</value></Data><Data name='xa_phuong'><value>Xã Trấn Yên</value></Data><Data name='dien_tich_qh_ha'><value>60</value></Data><Data name='dien_tich_tinh_ha'><value>20.67</value></Data><Data name='tinh_trang'><value>Đã thành lập</value></Data><Data name='so_dinh'><value>54</value></Data></ExtendedData><Polygon><tessellate>1</tessellate><outerBoundaryIs><LinearRing><coordinates>104.75771635,21.82630166,0 104.75731192,21.82655991,0 104.75731192,21.82655991,0 104.75750919,21.82715005,0 104.75750919,21.82715005,0 104.75483578,21.82833968,0 104.75483578,21.82833968,0 104.75336575,21.82625574,0 104.75336575,21.82625574,0 104.75392660,21.82583420,0 104.75392660,21.82583420,0 104.75369946,21.82575165,0 104.75369946,21.82575165,0 104.75359644,21.82563126,0 104.75359644,21.82563126,0 104.75352718,21.82555042,0 104.75352718,21.82555042,0 104.75297097,21.82587857,0 104.75297097,21.82587857,0 104.75266365,21.82616083,0 104.75266365,21.82616083,0 104.75245374,21.82632079,0 104.75245374,21.82632079,0 104.75242056,21.82630706,0 104.75242056,21.82630706,0 104.75184452,21.82669418,0 104.75184452,21.82669418,0 104.75181685,21.82673889,0 104.75181685,21.82673889,0 104.75176529,21.82674232,0 104.75176529,21.82674232,0 104.75150024,21.82643262,0 104.75150024,21.82643262,0 104.75142479,21.82625541,0 104.75142479,21.82625541,0 104.75156650,21.82614874,0 104.75156650,21.82614874,0 104.75306991,21.82498060,0 104.75306991,21.82498060,0 104.75451940,21.82327395,0 104.75451940,21.82327395,0 104.75497733,21.82350705,0 104.75497733,21.82350705,0 104.75545255,21.82298327,0 104.75545255,21.82298327,0 104.75558092,21.82308731,0 104.75558092,21.82308731,0 104.75575987,21.82289736,0 104.75575987,21.82289736,0 104.75752469,21.82397347,0 104.75752469,21.82397347,0 104.75740492,21.82542457,0 104.75740492,21.82542457,0 104.75771635,21.82630166,0 104.75771635,21.82630166,0</coordinates></LinearRing></outerBoundaryIs></Polygon></Placemark>
<Placemark><name>CCN An Thịnh</name><styleUrl>#ccn</styleUrl><description><![CDATA[<h3>CCN An Thịnh</h3><table border='0' cellpadding='3'><tr><td><b>Loại</b></td><td>Cụm công nghiệp</td></tr><tr><td><b>Xã/phường</b></td><td>Xã Mậu A</td></tr><tr><td><b>Diện tích quy hoạch</b></td><td>75 ha</td></tr><tr><td><b>Diện tích tính từ tọa độ</b></td><td>69.02 ha</td></tr><tr><td><b>Tình trạng</b></td><td>Quy hoạch</td></tr><tr><td><b>Số đỉnh ranh giới</b></td><td>12</td></tr></table>]]></description><ExtendedData><Data name='loai'><value>CCN</value></Data><Data name='ten'><value>An Thịnh</value></Data><Data name='xa_phuong'><value>Xã Mậu A</value></Data><Data name='dien_tich_qh_ha'><value>75</value></Data><Data name='dien_tich_tinh_ha'><value>69.02</value></Data><Data name='tinh_trang'><value>Quy hoạch</value></Data><Data name='so_dinh'><value>12</value></Data></ExtendedData><Polygon><tessellate>1</tessellate><outerBoundaryIs><LinearRing><coordinates>104.64522594,21.90556770,0 104.64829216,21.90091553,0 104.65244982,21.89861271,0 104.64952439,21.89611659,0 104.64763180,21.89564521,0 104.64701525,21.89490727,0 104.64447112,21.89660476,0 104.64303254,21.89754045,0 104.64141987,21.89920499,0 104.64176039,21.90197452,0 104.64298283,21.90371578,0 104.64307148,21.90488964,0 104.64522594,21.90556770,0</coordinates></LinearRing></outerBoundaryIs></Polygon></Placemark>
<Placemark><name>CCN Tân Hợp</name><styleUrl>#ccn</styleUrl><description><![CDATA[<h3>CCN Tân Hợp</h3><table border='0' cellpadding='3'><tr><td><b>Loại</b></td><td>Cụm công nghiệp</td></tr><tr><td><b>Xã/phường</b></td><td>Xã Tân Hợp</td></tr><tr><td><b>Diện tích quy hoạch</b></td><td>75 ha</td></tr><tr><td><b>Diện tích tính từ tọa độ</b></td><td>67.91 ha</td></tr><tr><td><b>Tình trạng</b></td><td>Quy hoạch</td></tr><tr><td><b>Số đỉnh ranh giới</b></td><td>6</td></tr></table>]]></description><ExtendedData><Data name='loai'><value>CCN</value></Data><Data name='ten'><value>Tân Hợp</value></Data><Data name='xa_phuong'><value>Xã Tân Hợp</value></Data><Data name='dien_tich_qh_ha'><value>75</value></Data><Data name='dien_tich_tinh_ha'><value>67.91</value></Data><Data name='tinh_trang'><value>Quy hoạch</value></Data><Data name='so_dinh'><value>6</value></Data></ExtendedData><Polygon><tessellate>1</tessellate><outerBoundaryIs><LinearRing><coordinates>104.62467754,21.92541249,0 104.62669826,21.92787505,0 104.63140935,21.92935533,0 104.63603315,21.92510725,0 104.63451664,21.92227377,0 104.63238395,21.91983696,0 104.62467754,21.92541249,0</coordinates></LinearRing></outerBoundaryIs></Polygon></Placemark>
<Placemark><name>CCN Bát Xát</name><styleUrl>#ccn</styleUrl><description><![CDATA[<h3>CCN Bát Xát</h3><table border='0' cellpadding='3'><tr><td><b>Loại</b></td><td>Cụm công nghiệp</td></tr><tr><td><b>Xã/phường</b></td><td>Bát Xát</td></tr><tr><td><b>Diện tích quy hoạch</b></td><td>57 ha</td></tr><tr><td><b>Diện tích tính từ tọa độ</b></td><td>54.09 ha</td></tr><tr><td><b>Tình trạng</b></td><td>Quy hoạch</td></tr><tr><td><b>Số đỉnh ranh giới</b></td><td>14</td></tr></table>]]></description><ExtendedData><Data name='loai'><value>CCN</value></Data><Data name='ten'><value>Bát Xát</value></Data><Data name='xa_phuong'><value>Bát Xát</value></Data><Data name='dien_tich_qh_ha'><value>57</value></Data><Data name='dien_tich_tinh_ha'><value>54.09</value></Data><Data name='tinh_trang'><value>Quy hoạch</value></Data><Data name='so_dinh'><value>14</value></Data></ExtendedData><Polygon><tessellate>1</tessellate><outerBoundaryIs><LinearRing><coordinates>103.88516022,22.55649601,0 103.88233481,22.55453480,0 103.88231556,22.55433386,0 103.88659364,22.55007540,0 103.88989213,22.54753074,0 103.89129959,22.54783140,0 103.89369362,22.54752339,0 103.89465289,22.54791898,0 103.89569936,22.54950047,0 103.89376713,22.55038928,0 103.88911226,22.55313591,0 103.88742486,22.55344312,0 103.88641338,22.55444920,0 103.88568441,22.55634893,0 103.88516022,22.55649601,0</coordinates></LinearRing></outerBoundaryIs></Polygon></Placemark>
<Placemark><name>CCN Bảo Hưng 2</name><styleUrl>#ccn</styleUrl><description><![CDATA[<h3>CCN Bảo Hưng 2</h3><table border='0' cellpadding='3'><tr><td><b>Loại</b></td><td>Cụm công nghiệp</td></tr><tr><td><b>Xã/phường</b></td><td>Phường Âu Lâu</td></tr><tr><td><b>Diện tích quy hoạch</b></td><td>50 ha</td></tr><tr><td><b>Diện tích tính từ tọa độ</b></td><td>49.46 ha</td></tr><tr><td><b>Tình trạng</b></td><td>Quy hoạch</td></tr><tr><td><b>Số đỉnh ranh giới</b></td><td>8</td></tr></table><p style='font-size:11px;color:#666'>◆ Cập nhật theo Hồ sơ thành lập CCN Bảo Hưng 2 (bản đồ QHCT 1/500 kèm theo); tọa độ VN-2000 KTT 104°45' múi 3°; DT tính (shoelace) = 49,463 ha khớp hồ sơ</p>]]></description><ExtendedData><Data name='loai'><value>CCN</value></Data><Data name='ten'><value>Bảo Hưng 2</value></Data><Data name='xa_phuong'><value>Phường Âu Lâu</value></Data><Data name='dien_tich_qh_ha'><value>50</value></Data><Data name='dien_tich_tinh_ha'><value>49.46</value></Data><Data name='tinh_trang'><value>Quy hoạch</value></Data><Data name='so_dinh'><value>8</value></Data></ExtendedData><Polygon><tessellate>1</tessellate><outerBoundaryIs><LinearRing><coordinates>104.91158737,21.66166699,0 104.91521704,21.65836954,0 104.91446992,21.65764986,0 104.91508747,21.65709043,0 104.91584116,21.65781641,0 104.91727065,21.65654568,0 104.91307407,21.65250774,0 104.90742881,21.65784375,0 104.91158737,21.66166699,0</coordinates></LinearRing></outerBoundaryIs></Polygon></Placemark>
<Placemark><name>CCN Bản Phiệt 1</name><styleUrl>#ccn</styleUrl><description><![CDATA[<h3>CCN Bản Phiệt 1</h3><table border='0' cellpadding='3'><tr><td><b>Loại</b></td><td>Cụm công nghiệp</td></tr><tr><td><b>Xã/phường</b></td><td>Lào Cai</td></tr><tr><td><b>Diện tích quy hoạch</b></td><td>75 ha</td></tr><tr><td><b>Diện tích tính từ tọa độ</b></td><td>75.10 ha</td></tr><tr><td><b>Tình trạng</b></td><td>Quy hoạch</td></tr><tr><td><b>Số đỉnh ranh giới</b></td><td>16</td></tr></table>]]></description><ExtendedData><Data name='loai'><value>CCN</value></Data><Data name='ten'><value>Bản Phiệt 1</value></Data><Data name='xa_phuong'><value>Lào Cai</value></Data><Data name='dien_tich_qh_ha'><value>75</value></Data><Data name='dien_tich_tinh_ha'><value>75.10</value></Data><Data name='tinh_trang'><value>Quy hoạch</value></Data><Data name='so_dinh'><value>16</value></Data></ExtendedData><Polygon><tessellate>1</tessellate><outerBoundaryIs><LinearRing><coordinates>104.03528125,22.50400820,0 104.03553491,22.50107945,0 104.03300140,22.50072773,0 104.03334811,22.49915583,0 104.03629637,22.49775062,0 104.03632283,22.49594610,0 104.03509611,22.49585649,0 104.03285923,22.49793286,0 104.03006258,22.49835685,0 104.02829959,22.50200564,0 104.02900677,22.50667124,0 104.03159464,22.50974471,0 104.03502106,22.50875419,0 104.03541418,22.50717328,0 104.03410601,22.50651762,0 104.03384290,22.50540466,0 104.03528125,22.50400820,0</coordinates></LinearRing></outerBoundaryIs></Polygon></Placemark>
<Placemark><name>CCN Cam Đường 1</name><styleUrl>#ccn</styleUrl><description><![CDATA[<h3>CCN Cam Đường 1</h3><table border='0' cellpadding='3'><tr><td><b>Loại</b></td><td>Cụm công nghiệp</td></tr><tr><td><b>Xã/phường</b></td><td>Phường Cam Đường</td></tr><tr><td><b>Diện tích quy hoạch</b></td><td>40 ha</td></tr><tr><td><b>Diện tích tính từ tọa độ</b></td><td>45.86 ha</td></tr><tr><td><b>Tình trạng</b></td><td>Quy hoạch</td></tr><tr><td><b>Số đỉnh ranh giới</b></td><td>22</td></tr></table>]]></description><ExtendedData><Data name='loai'><value>CCN</value></Data><Data name='ten'><value>Cam Đường 1</value></Data><Data name='xa_phuong'><value>Phường Cam Đường</value></Data><Data name='dien_tich_qh_ha'><value>40</value></Data><Data name='dien_tich_tinh_ha'><value>45.86</value></Data><Data name='tinh_trang'><value>Quy hoạch</value></Data><Data name='so_dinh'><value>22</value></Data></ExtendedData><Polygon><tessellate>1</tessellate><outerBoundaryIs><LinearRing><coordinates>104.00979861,22.41283074,0 104.01121814,22.41253994,0 104.01217755,22.41337228,0 104.01013444,22.41571946,0 104.00880691,22.41644063,0 104.00731093,22.41643277,0 104.00523571,22.41832991,0 104.00596305,22.41896561,0 104.00420921,22.42065704,0 104.00201485,22.42321402,0 103.99996021,22.42618369,0 103.99718108,22.42344696,0 103.99416577,22.42145774,0 103.99696564,22.41858093,0 103.99892502,22.41606727,0 103.99952133,22.41658733,0 103.99758304,22.42079411,0 103.99829611,22.42299501,0 104.00045500,22.42410906,0 104.00408934,22.42056736,0 104.00272049,22.41937564,0 104.00625959,22.41610318,0 104.00979861,22.41283074,0</coordinates></LinearRing></outerBoundaryIs></Polygon></Placemark>
<Placemark><name>CCN Cam Đường 1 (GĐ1)</name><styleUrl>#ccn</styleUrl><description><![CDATA[<h3>CCN Cam Đường 1 (GĐ1)</h3><table border='0' cellpadding='3'><tr><td><b>Loại</b></td><td>Cụm công nghiệp</td></tr><tr><td><b>Xã/phường</b></td><td>Phường Cam Đường</td></tr><tr><td><b>Diện tích quy hoạch</b></td><td>40 ha</td></tr><tr><td><b>Diện tích tính từ tọa độ</b></td><td>11.57 ha</td></tr><tr><td><b>Tình trạng</b></td><td>Quy hoạch</td></tr><tr><td><b>Số đỉnh ranh giới</b></td><td>8</td></tr></table>]]></description><ExtendedData><Data name='loai'><value>CCN</value></Data><Data name='ten'><value>Cam Đường 1 (GĐ1)</value></Data><Data name='xa_phuong'><value>Phường Cam Đường</value></Data><Data name='dien_tich_qh_ha'><value>40</value></Data><Data name='dien_tich_tinh_ha'><value>11.57</value></Data><Data name='tinh_trang'><value>Quy hoạch</value></Data><Data name='so_dinh'><value>8</value></Data></ExtendedData><Polygon><tessellate>1</tessellate><outerBoundaryIs><LinearRing><coordinates>104.00983458,22.41293548,0 104.01116009,22.41227543,0 104.01217755,22.41337228,0 104.01071898,22.41511228,0 104.01013444,22.41571946,0 104.00871805,22.41658427,0 104.00690100,22.41675040,0 104.00674986,22.41660386,0 104.00983458,22.41293548,0</coordinates></LinearRing></outerBoundaryIs></Polygon></Placemark>
<Placemark><name>CCN Cam Đường 2</name><styleUrl>#ccn</styleUrl><description><![CDATA[<h3>CCN Cam Đường 2</h3><table border='0' cellpadding='3'><tr><td><b>Loại</b></td><td>Cụm công nghiệp</td></tr><tr><td><b>Xã/phường</b></td><td>Phường Cam Đường</td></tr><tr><td><b>Diện tích quy hoạch</b></td><td>12 ha</td></tr><tr><td><b>Diện tích tính từ tọa độ</b></td><td>11.69 ha</td></tr><tr><td><b>Tình trạng</b></td><td>Quy hoạch</td></tr><tr><td><b>Số đỉnh ranh giới</b></td><td>21</td></tr></table>]]></description><ExtendedData><Data name='loai'><value>CCN</value></Data><Data name='ten'><value>Cam Đường 2</value></Data><Data name='xa_phuong'><value>Phường Cam Đường</value></Data><Data name='dien_tich_qh_ha'><value>12</value></Data><Data name='dien_tich_tinh_ha'><value>11.69</value></Data><Data name='tinh_trang'><value>Quy hoạch</value></Data><Data name='so_dinh'><value>21</value></Data></ExtendedData><Polygon><tessellate>1</tessellate><outerBoundaryIs><LinearRing><coordinates>104.02410878,22.40134084,0 104.02354003,22.40083825,0 104.02301869,22.40014684,0 104.02130523,22.40099643,0 104.02071581,22.40190744,0 104.02054157,22.40198305,0 104.02006120,22.40161332,0 104.01869738,22.40228954,0 104.01936346,22.40343776,0 104.02011510,22.40326831,0 104.02085149,22.40324905,0 104.02162492,22.40437635,0 104.02175935,22.40431898,0 104.02184071,22.40409962,0 104.02172393,22.40399686,0 104.02136481,22.40374644,0 104.02117463,22.40346906,0 104.02203450,22.40323741,0 104.02328751,22.40298720,0 104.02368381,22.40241958,0 104.02395325,22.40185346,0 104.02410878,22.40134084,0</coordinates></LinearRing></outerBoundaryIs></Polygon></Placemark>
<Placemark><name>CCN Quang Kim 1</name><styleUrl>#ccn</styleUrl><description><![CDATA[<h3>CCN Quang Kim 1</h3><table border='0' cellpadding='3'><tr><td><b>Loại</b></td><td>Cụm công nghiệp</td></tr><tr><td><b>Xã/phường</b></td><td>Bát Xát</td></tr><tr><td><b>Diện tích quy hoạch</b></td><td>55 ha</td></tr><tr><td><b>Diện tích tính từ tọa độ</b></td><td>57.14 ha</td></tr><tr><td><b>Tình trạng</b></td><td>Quy hoạch</td></tr><tr><td><b>Số đỉnh ranh giới</b></td><td>17</td></tr></table>]]></description><ExtendedData><Data name='loai'><value>CCN</value></Data><Data name='ten'><value>Quang Kim 1</value></Data><Data name='xa_phuong'><value>Bát Xát</value></Data><Data name='dien_tich_qh_ha'><value>55</value></Data><Data name='dien_tich_tinh_ha'><value>57.14</value></Data><Data name='tinh_trang'><value>Quy hoạch</value></Data><Data name='so_dinh'><value>17</value></Data></ExtendedData><Polygon><tessellate>1</tessellate><outerBoundaryIs><LinearRing><coordinates>103.94790180,22.54434384,0 103.94506473,22.54305373,0 103.94313488,22.54229370,0 103.94281704,22.54168001,0 103.94151699,22.54117264,0 103.94221912,22.54039953,0 103.94285016,22.53951254,0 103.94392005,22.53739841,0 103.94408345,22.53475532,0 103.94417902,22.53436775,0 103.94619969,22.53530774,0 103.94678246,22.53558076,0 103.94924371,22.53674507,0 103.95096046,22.53783602,0 103.94997470,22.53925228,0 103.94967370,22.53977736,0 103.94872136,22.54277803,0 103.94790180,22.54434384,0</coordinates></LinearRing></outerBoundaryIs></Polygon></Placemark>
<Placemark><name>CCN Mông Sơn</name><styleUrl>#ccn</styleUrl><description><![CDATA[<h3>CCN Mông Sơn</h3><table border='0' cellpadding='3'><tr><td><b>Loại</b></td><td>Cụm công nghiệp</td></tr><tr><td><b>Xã/phường</b></td><td>Bảo Ái</td></tr><tr><td><b>Diện tích quy hoạch</b></td><td>50 ha</td></tr><tr><td><b>Diện tích tính từ tọa độ</b></td><td>51.40 ha</td></tr><tr><td><b>Tình trạng</b></td><td>Quy hoạch</td></tr><tr><td><b>Số đỉnh ranh giới</b></td><td>9</td></tr></table><p style='font-size:11px;color:#666'>⚠ Sửa lỗi tọa độ gốc: đỉnh 6 Y(Đông) 51744,64 → 517446,4 (thiếu chữ số); DT tính sau sửa = 51,4 ha khớp DT quy hoạch 50 ha — cần đối chiếu hồ sơ Mông Sơn</p>]]></description><ExtendedData><Data name='loai'><value>CCN</value></Data><Data name='ten'><value>Mông Sơn</value></Data><Data name='xa_phuong'><value>Bảo Ái</value></Data><Data name='dien_tich_qh_ha'><value>50</value></Data><Data name='dien_tich_tinh_ha'><value>51.40</value></Data><Data name='tinh_trang'><value>Quy hoạch</value></Data><Data name='so_dinh'><value>9</value></Data></ExtendedData><Polygon><tessellate>1</tessellate><outerBoundaryIs><LinearRing><coordinates>104.91229946,21.86375074,0 104.91258897,21.86555108,0 104.91764349,21.86719797,0 104.91982577,21.86476820,0 104.91195093,21.86366203,0 104.92069862,21.86426295,0 104.91895202,21.86154232,0 104.91107599,21.85965185,0 104.90941478,21.86147062,0 104.91229946,21.86375074,0</coordinates></LinearRing></outerBoundaryIs></Polygon></Placemark>
<Placemark><name>CCN Tân Nguyên</name><styleUrl>#ccn</styleUrl><description><![CDATA[<h3>CCN Tân Nguyên</h3><table border='0' cellpadding='3'><tr><td><b>Loại</b></td><td>Cụm công nghiệp</td></tr><tr><td><b>Xã/phường</b></td><td>Bảo Ái</td></tr><tr><td><b>Diện tích quy hoạch</b></td><td>55 ha</td></tr><tr><td><b>Diện tích tính từ tọa độ</b></td><td>73.12 ha</td></tr><tr><td><b>Tình trạng</b></td><td>Quy hoạch</td></tr><tr><td><b>Số đỉnh ranh giới</b></td><td>7</td></tr></table>]]></description><ExtendedData><Data name='loai'><value>CCN</value></Data><Data name='ten'><value>Tân Nguyên</value></Data><Data name='xa_phuong'><value>Bảo Ái</value></Data><Data name='dien_tich_qh_ha'><value>55</value></Data><Data name='dien_tich_tinh_ha'><value>73.12</value></Data><Data name='tinh_trang'><value>Quy hoạch</value></Data><Data name='so_dinh'><value>7</value></Data></ExtendedData><Polygon><tessellate>1</tessellate><outerBoundaryIs><LinearRing><coordinates>104.80032890,21.91906712,0 104.80235928,21.91982292,0 104.80928203,21.91523710,0 104.80898190,21.91343090,0 104.80767098,21.90919699,0 104.80547896,21.90762121,0 104.80202111,21.91166415,0 104.80032890,21.91906712,0</coordinates></LinearRing></outerBoundaryIs></Polygon></Placemark>
<Placemark><name>CCN Ngòi A</name><styleUrl>#ccn</styleUrl><description><![CDATA[<h3>CCN Ngòi A</h3><table border='0' cellpadding='3'><tr><td><b>Loại</b></td><td>Cụm công nghiệp</td></tr><tr><td><b>Xã/phường</b></td><td>Xã Mậu A</td></tr><tr><td><b>Diện tích quy hoạch</b></td><td>62 ha</td></tr><tr><td><b>Diện tích tính từ tọa độ</b></td><td>63.78 ha</td></tr><tr><td><b>Tình trạng</b></td><td>Quy hoạch</td></tr><tr><td><b>Số đỉnh ranh giới</b></td><td>14</td></tr></table>]]></description><ExtendedData><Data name='loai'><value>CCN</value></Data><Data name='ten'><value>Ngòi A</value></Data><Data name='xa_phuong'><value>Xã Mậu A</value></Data><Data name='dien_tich_qh_ha'><value>62</value></Data><Data name='dien_tich_tinh_ha'><value>63.78</value></Data><Data name='tinh_trang'><value>Quy hoạch</value></Data><Data name='so_dinh'><value>14</value></Data></ExtendedData><Polygon><tessellate>1</tessellate><outerBoundaryIs><LinearRing><coordinates>104.70300508,21.90916398,0 104.70461190,21.90913227,0 104.70735297,21.90718264,0 104.70696339,21.90399351,0 104.70914249,21.90379013,0 104.71105123,21.90585124,0 104.71312691,21.90552558,0 104.71428609,21.90375745,0 104.70905388,21.90025760,0 104.70773618,21.89826534,0 104.70558185,21.90093572,0 104.70501234,21.90320107,0 104.70260210,21.90344624,0 104.70236161,21.90659617,0 104.70300508,21.90916398,0</coordinates></LinearRing></outerBoundaryIs></Polygon></Placemark>
<Placemark><name>CCN Yên Hưng</name><styleUrl>#ccn</styleUrl><description><![CDATA[<h3>CCN Yên Hưng</h3><table border='0' cellpadding='3'><tr><td><b>Loại</b></td><td>Cụm công nghiệp</td></tr><tr><td><b>Xã/phường</b></td><td>Xã Mậu A</td></tr><tr><td><b>Diện tích quy hoạch</b></td><td>42 ha</td></tr><tr><td><b>Diện tích tính từ tọa độ</b></td><td>39.99 ha</td></tr><tr><td><b>Tình trạng</b></td><td>Quy hoạch</td></tr><tr><td><b>Số đỉnh ranh giới</b></td><td>8</td></tr></table>]]></description><ExtendedData><Data name='loai'><value>CCN</value></Data><Data name='ten'><value>Yên Hưng</value></Data><Data name='xa_phuong'><value>Xã Mậu A</value></Data><Data name='dien_tich_qh_ha'><value>42</value></Data><Data name='dien_tich_tinh_ha'><value>39.99</value></Data><Data name='tinh_trang'><value>Quy hoạch</value></Data><Data name='so_dinh'><value>8</value></Data></ExtendedData><Polygon><tessellate>1</tessellate><outerBoundaryIs><LinearRing><coordinates>104.74808962,21.84640083,0 104.75450292,21.84714791,0 104.75521688,21.84609520,0 104.75562574,21.84375841,0 104.75341237,21.84241125,0 104.75074899,21.84190133,0 104.74919644,21.84071741,0 104.74799160,21.84095033,0 104.74808962,21.84640083,0</coordinates></LinearRing></outerBoundaryIs></Polygon></Placemark>
<Placemark><name>CCN Yên Hợp 1</name><styleUrl>#ccn</styleUrl><description><![CDATA[<h3>CCN Yên Hợp 1</h3><table border='0' cellpadding='3'><tr><td><b>Loại</b></td><td>Cụm công nghiệp</td></tr><tr><td><b>Xã/phường</b></td><td>Xuân Ái</td></tr><tr><td><b>Diện tích quy hoạch</b></td><td>63 ha</td></tr><tr><td><b>Diện tích tính từ tọa độ</b></td><td>63.15 ha</td></tr><tr><td><b>Tình trạng</b></td><td>Quy hoạch</td></tr><tr><td><b>Số đỉnh ranh giới</b></td><td>20</td></tr></table>]]></description><ExtendedData><Data name='loai'><value>CCN</value></Data><Data name='ten'><value>Yên Hợp 1</value></Data><Data name='xa_phuong'><value>Xuân Ái</value></Data><Data name='dien_tich_qh_ha'><value>63</value></Data><Data name='dien_tich_tinh_ha'><value>63.15</value></Data><Data name='tinh_trang'><value>Quy hoạch</value></Data><Data name='so_dinh'><value>20</value></Data></ExtendedData><Polygon><tessellate>1</tessellate><outerBoundaryIs><LinearRing><coordinates>104.71729600,21.85213476,0 104.71894475,21.85251009,0 104.71839202,21.85466097,0 104.71959186,21.85506195,0 104.72077431,21.85350540,0 104.72065893,21.85280901,0 104.71856356,21.85156563,0 104.71861862,21.85109046,0 104.72088613,21.85076590,0 104.72151290,21.85065004,0 104.72249227,21.85031476,0 104.72280574,21.84979023,0 104.72322224,21.84825782,0 104.72426829,21.84714669,0 104.72656786,21.84555928,0 104.72299571,21.84279546,0 104.72140520,21.84248232,0 104.71958219,21.84225981,0 104.71882839,21.84297419,0 104.71745432,21.85152856,0 104.71729600,21.85213476,0</coordinates></LinearRing></outerBoundaryIs></Polygon></Placemark>
<Placemark><name>CCN Yên Hợp 2</name><styleUrl>#ccn</styleUrl><description><![CDATA[<h3>CCN Yên Hợp 2</h3><table border='0' cellpadding='3'><tr><td><b>Loại</b></td><td>Cụm công nghiệp</td></tr><tr><td><b>Xã/phường</b></td><td>Xuân Ái</td></tr><tr><td><b>Diện tích quy hoạch</b></td><td>75 ha</td></tr><tr><td><b>Diện tích tính từ tọa độ</b></td><td>82.52 ha</td></tr><tr><td><b>Tình trạng</b></td><td>Quy hoạch</td></tr><tr><td><b>Số đỉnh ranh giới</b></td><td>5</td></tr></table><p style='font-size:11px;color:#666'>Đã sắp lại thứ tự đỉnh theo góc (DT tính ≈82,5 ha)</p>]]></description><ExtendedData><Data name='loai'><value>CCN</value></Data><Data name='ten'><value>Yên Hợp 2</value></Data><Data name='xa_phuong'><value>Xuân Ái</value></Data><Data name='dien_tich_qh_ha'><value>75</value></Data><Data name='dien_tich_tinh_ha'><value>82.52</value></Data><Data name='tinh_trang'><value>Quy hoạch</value></Data><Data name='so_dinh'><value>5</value></Data></ExtendedData><Polygon><tessellate>1</tessellate><outerBoundaryIs><LinearRing><coordinates>104.72301583,21.83512001,0 104.72270198,21.83726300,0 104.72762422,21.84935913,0 104.73031901,21.84208296,0 104.73422301,21.83786802,0 104.72301583,21.83512001,0</coordinates></LinearRing></outerBoundaryIs></Polygon></Placemark>
<Placemark><name>CCN Văn Chấn</name><styleUrl>#ccn</styleUrl><description><![CDATA[<h3>CCN Văn Chấn</h3><table border='0' cellpadding='3'><tr><td><b>Loại</b></td><td>Cụm công nghiệp</td></tr><tr><td><b>Xã/phường</b></td><td>Văn Chấn</td></tr><tr><td><b>Diện tích quy hoạch</b></td><td>75 ha</td></tr><tr><td><b>Diện tích tính từ tọa độ</b></td><td>75.01 ha</td></tr><tr><td><b>Tình trạng</b></td><td>Quy hoạch</td></tr><tr><td><b>Số đỉnh ranh giới</b></td><td>5</td></tr></table>]]></description><ExtendedData><Data name='loai'><value>CCN</value></Data><Data name='ten'><value>Văn Chấn</value></Data><Data name='xa_phuong'><value>Văn Chấn</value></Data><Data name='dien_tich_qh_ha'><value>75</value></Data><Data name='dien_tich_tinh_ha'><value>75.01</value></Data><Data name='tinh_trang'><value>Quy hoạch</value></Data><Data name='so_dinh'><value>5</value></Data></ExtendedData><Polygon><tessellate>1</tessellate><outerBoundaryIs><LinearRing><coordinates>104.66193112,21.53434602,0 104.66391553,21.53279602,0 104.66709989,21.52520715,0 104.66112805,21.52239247,0 104.65744820,21.53181651,0 104.66193112,21.53434602,0</coordinates></LinearRing></outerBoundaryIs></Polygon></Placemark>
<Placemark><name>CCN Châu Quế</name><styleUrl>#ccn</styleUrl><description><![CDATA[<h3>CCN Châu Quế</h3><table border='0' cellpadding='3'><tr><td><b>Loại</b></td><td>Cụm công nghiệp</td></tr><tr><td><b>Xã/phường</b></td><td>Châu Quế</td></tr><tr><td><b>Diện tích quy hoạch</b></td><td>75 ha</td></tr><tr><td><b>Diện tích tính từ tọa độ</b></td><td>85.96 ha</td></tr><tr><td><b>Tình trạng</b></td><td>Quy hoạch</td></tr><tr><td><b>Số đỉnh ranh giới</b></td><td>6</td></tr></table>]]></description><ExtendedData><Data name='loai'><value>CCN</value></Data><Data name='ten'><value>Châu Quế</value></Data><Data name='xa_phuong'><value>Châu Quế</value></Data><Data name='dien_tich_qh_ha'><value>75</value></Data><Data name='dien_tich_tinh_ha'><value>85.96</value></Data><Data name='tinh_trang'><value>Quy hoạch</value></Data><Data name='so_dinh'><value>6</value></Data></ExtendedData><Polygon><tessellate>1</tessellate><outerBoundaryIs><LinearRing><coordinates>104.51499196,22.01619059,0 104.51981905,22.01564713,0 104.52501178,22.01350169,0 104.52732896,22.00890729,0 104.52123771,22.00603337,0 104.51469102,22.01295793,0 104.51499196,22.01619059,0</coordinates></LinearRing></outerBoundaryIs></Polygon></Placemark>
<Placemark><name>CCN Phú Thịnh 5</name><styleUrl>#ccn</styleUrl><description><![CDATA[<h3>CCN Phú Thịnh 5</h3><table border='0' cellpadding='3'><tr><td><b>Loại</b></td><td>Cụm công nghiệp</td></tr><tr><td><b>Xã/phường</b></td><td>Văn Phú</td></tr><tr><td><b>Diện tích quy hoạch</b></td><td>75 ha</td></tr><tr><td><b>Diện tích tính từ tọa độ</b></td><td>74.86 ha</td></tr><tr><td><b>Tình trạng</b></td><td>Quy hoạch</td></tr><tr><td><b>Số đỉnh ranh giới</b></td><td>4</td></tr></table>]]></description><ExtendedData><Data name='loai'><value>CCN</value></Data><Data name='ten'><value>Phú Thịnh 5</value></Data><Data name='xa_phuong'><value>Văn Phú</value></Data><Data name='dien_tich_qh_ha'><value>75</value></Data><Data name='dien_tich_tinh_ha'><value>74.86</value></Data><Data name='tinh_trang'><value>Quy hoạch</value></Data><Data name='so_dinh'><value>4</value></Data></ExtendedData><Polygon><tessellate>1</tessellate><outerBoundaryIs><LinearRing><coordinates>104.97033647,21.66987447,0 104.96588444,21.66606042,0 104.97377871,21.65812193,0 104.97820186,21.66196526,0 104.97033647,21.66987447,0</coordinates></LinearRing></outerBoundaryIs></Polygon></Placemark>
<Placemark><name>CCN Phú Thịnh 6</name><styleUrl>#ccn</styleUrl><description><![CDATA[<h3>CCN Phú Thịnh 6</h3><table border='0' cellpadding='3'><tr><td><b>Loại</b></td><td>Cụm công nghiệp</td></tr><tr><td><b>Xã/phường</b></td><td>Văn Phú</td></tr><tr><td><b>Diện tích quy hoạch</b></td><td>75 ha</td></tr><tr><td><b>Diện tích tính từ tọa độ</b></td><td>73.70 ha</td></tr><tr><td><b>Tình trạng</b></td><td>Quy hoạch</td></tr><tr><td><b>Số đỉnh ranh giới</b></td><td>4</td></tr></table>]]></description><ExtendedData><Data name='loai'><value>CCN</value></Data><Data name='ten'><value>Phú Thịnh 6</value></Data><Data name='xa_phuong'><value>Văn Phú</value></Data><Data name='dien_tich_qh_ha'><value>75</value></Data><Data name='dien_tich_tinh_ha'><value>73.70</value></Data><Data name='tinh_trang'><value>Quy hoạch</value></Data><Data name='so_dinh'><value>4</value></Data></ExtendedData><Polygon><tessellate>1</tessellate><outerBoundaryIs><LinearRing><coordinates>104.97062025,21.67011715,0 104.97576434,21.67257856,0 104.98366152,21.66464268,0 104.97957034,21.66111652,0 104.97062025,21.67011715,0</coordinates></LinearRing></outerBoundaryIs></Polygon></Placemark>
<Placemark><name>CCN Châu Quế Thượng</name><styleUrl>#ccn</styleUrl><description><![CDATA[<h3>CCN Châu Quế Thượng</h3><table border='0' cellpadding='3'><tr><td><b>Loại</b></td><td>Cụm công nghiệp</td></tr><tr><td><b>Xã/phường</b></td><td>Xã Châu Quế</td></tr><tr><td><b>Diện tích quy hoạch</b></td><td>40 ha</td></tr><tr><td><b>Diện tích tính từ tọa độ</b></td><td>40.16 ha</td></tr><tr><td><b>Tình trạng</b></td><td>Quy hoạch</td></tr><tr><td><b>Số đỉnh ranh giới</b></td><td>13</td></tr></table>]]></description><ExtendedData><Data name='loai'><value>CCN</value></Data><Data name='ten'><value>Châu Quế Thượng</value></Data><Data name='xa_phuong'><value>Xã Châu Quế</value></Data><Data name='dien_tich_qh_ha'><value>40</value></Data><Data name='dien_tich_tinh_ha'><value>40.16</value></Data><Data name='tinh_trang'><value>Quy hoạch</value></Data><Data name='so_dinh'><value>13</value></Data></ExtendedData><Polygon><tessellate>1</tessellate><outerBoundaryIs><LinearRing><coordinates>104.45153159,22.07933700,0 104.45241230,22.07839118,0 104.45197167,22.07770523,0 104.45198158,22.07565938,0 104.45407183,22.07576009,0 104.45478447,22.07495620,0 104.45589916,22.07292218,0 104.45594822,22.07183087,0 104.45662212,22.07081845,0 104.45603440,22.07041205,0 104.45511998,22.07143397,0 104.45223727,22.07114515,0 104.44722640,22.07749068,0 104.45153159,22.07933700,0</coordinates></LinearRing></outerBoundaryIs></Polygon></Placemark>
<Placemark><name>CCN Đầm Hồng</name><styleUrl>#ccn</styleUrl><description><![CDATA[<h3>CCN Đầm Hồng</h3><table border='0' cellpadding='3'><tr><td><b>Loại</b></td><td>Cụm công nghiệp</td></tr><tr><td><b>Xã/phường</b></td><td>Phường Yên Bái, phường Văn Phú</td></tr><tr><td><b>Diện tích quy hoạch</b></td><td>16 ha</td></tr><tr><td><b>Diện tích tính từ tọa độ</b></td><td>5.06 ha</td></tr><tr><td><b>Tình trạng</b></td><td>Đã thành lập</td></tr><tr><td><b>Số đỉnh ranh giới</b></td><td>198</td></tr></table><p style='font-size:11px;color:#666'>◆ Nguồn KMZ/CAD 2025 (ranh tạm, đối chiếu hồ sơ)</p>]]></description><ExtendedData><Data name='loai'><value>CCN</value></Data><Data name='ten'><value>Đầm Hồng</value></Data><Data name='xa_phuong'><value>Phường Yên Bái, phường Văn Phú</value></Data><Data name='dien_tich_qh_ha'><value>16</value></Data><Data name='dien_tich_tinh_ha'><value>5.06</value></Data><Data name='tinh_trang'><value>Đã thành lập</value></Data><Data name='so_dinh'><value>198</value></Data></ExtendedData><Polygon><tessellate>1</tessellate><outerBoundaryIs><LinearRing><coordinates>104.91299961,21.69895776,0 104.91288980,21.69894478,0 104.91288980,21.69894478,0 104.91270546,21.69891678,0 104.91270546,21.69891678,0 104.91242533,21.69896203,0 104.91242533,21.69896203,0 104.91217171,21.69903779,0 104.91217171,21.69903779,0 104.91206081,21.69908071,0 104.91206081,21.69908071,0 104.91196964,21.69896880,0 104.91196964,21.69896880,0 104.91185261,21.69889467,0 104.91185261,21.69889467,0 104.91170414,21.69878462,0 104.91170414,21.69878462,0 104.91175987,21.69867221,0 104.91175987,21.69867221,0 104.91185653,21.69867843,0 104.91185653,21.69867843,0 104.91204039,21.69871041,0 104.91204039,21.69871041,0 104.91203558,21.69873480,0 104.91203558,21.69873480,0 104.91255165,21.69853270,0 104.91255165,21.69853270,0 104.91268883,21.69839410,0 104.91268883,21.69839410,0 104.91277263,21.69839438,0 104.91277263,21.69839438,0 104.91279196,21.69840312,0 104.91279196,21.69840312,0 104.91295495,21.69792525,0 104.91295495,21.69792525,0 104.91295470,21.69786925,0 104.91295470,21.69786925,0 104.91297758,21.69775840,0 104.91297758,21.69775840,0 104.91297455,21.69764315,0 104.91297455,21.69764315,0 104.91292059,21.69761737,0 104.91292059,21.69761737,0 104.91292481,21.69758910,0 104.91292481,21.69758910,0 104.91285477,21.69727439,0 104.91285477,21.69727439,0 104.91287873,21.69726696,0 104.91287873,21.69726696,0 104.91283773,21.69716187,0 104.91283773,21.69716187,0 104.91278775,21.69705814,0 104.91278775,21.69705814,0 104.91280281,21.69696247,0 104.91280281,21.69696247,0 104.91282819,21.69692379,0 104.91282819,21.69692379,0 104.91288228,21.69689682,0 104.91288228,21.69689682,0 104.91296602,21.69667997,0 104.91296602,21.69667997,0 104.91276498,21.69666770,0 104.91276498,21.69666770,0 104.91270037,21.69662423,0 104.91270037,21.69662423,0 104.91267715,21.69659769,0 104.91267715,21.69659769,0 104.91265726,21.69652826,0 104.91265726,21.69652826,0 104.91264959,21.69649999,0 104.91264959,21.69649999,0 104.91276408,21.69646917,0 104.91276408,21.69646917,0 104.91291503,21.69645322,0 104.91291503,21.69645322,0 104.91294465,21.69641516,0 104.91294465,21.69641516,0 104.91295630,21.69637089,0 104.91295630,21.69637089,0 104.91302143,21.69636460,0 104.91302143,21.69636460,0 104.91308931,21.69638982,0 104.91308931,21.69638982,0 104.91319854,21.69641509,0 104.91319854,21.69641509,0 104.91331079,21.69645301,0 104.91331079,21.69645301,0 104.91342070,21.69646907,0 104.91342070,21.69646907,0 104.91351824,21.69648658,0 104.91351824,21.69648658,0 104.91356819,21.69647497,0 104.91356819,21.69647497,0 104.91360093,21.69645733,0 104.91360093,21.69645733,0 104.91364580,21.69639108,0 104.91364580,21.69639108,0 104.91368762,21.69602966,0 104.91368762,21.69602966,0 104.91368736,21.69596481,0 104.91368736,21.69596481,0 104.91368055,21.69593121,0 104.91368055,21.69593121,0 104.91372231,21.69593641,0 104.91372231,21.69593641,0 104.91382912,21.69595013,0 104.91382912,21.69595013,0 104.91385977,21.69613589,0 104.91385977,21.69613589,0 104.91395121,21.69614438,0 104.91395121,21.69614438,0 104.91413875,21.69609840,0 104.91413875,21.69609840,0 104.91412926,21.69616985,0 104.91412926,21.69616985,0 104.91414919,21.69618672,0 104.91414919,21.69618672,0 104.91405002,21.69626161,0 104.91405002,21.69626161,0 104.91400958,21.69630916,0 104.91400958,21.69630916,0 104.91397582,21.69636808,0 104.91397582,21.69636808,0 104.91396811,21.69647223,0 104.91396811,21.69647223,0 104.91397131,21.69665034,0 104.91397131,21.69665034,0 104.91396811,21.69672865,0 104.91396811,21.69672865,0 104.91396095,21.69680516,0 104.91396095,21.69680516,0 104.91395929,21.69687724,0 104.91395929,21.69687724,0 104.91398402,21.69695508,0 104.91398402,21.69695508,0 104.91423394,21.69685746,0 104.91423394,21.69685746,0 104.91434058,21.69681030,0 104.91434058,21.69681030,0 104.91445924,21.69679230,0 104.91445924,21.69679230,0 104.91467376,21.69684583,0 104.91467376,21.69684583,0 104.91467718,21.69712871,0 104.91467718,21.69712871,0 104.91467505,21.69721542,0 104.91467505,21.69721542,0 104.91464159,21.69736431,0 104.91464159,21.69736431,0 104.91464881,21.69751351,0 104.91464881,21.69751351,0 104.91462108,21.69751498,0 104.91462108,21.69751498,0 104.91462721,21.69763872,0 104.91462721,21.69763872,0 104.91468442,21.69763758,0 104.91468442,21.69763758,0 104.91474067,21.69797578,0 104.91474067,21.69797578,0 104.91476859,21.69813336,0 104.91476859,21.69813336,0 104.91494938,21.69818476,0 104.91494938,21.69818476,0 104.91504392,21.69820517,0 104.91504392,21.69820517,0 104.91514629,21.69822204,0 104.91514629,21.69822204,0 104.91516735,21.69821570,0 104.91516735,21.69821570,0 104.91526332,21.69821678,0 104.91526332,21.69821678,0 104.91531349,21.69821709,0 104.91531349,21.69821709,0 104.91536287,21.69821794,0 104.91536287,21.69821794,0 104.91535920,21.69813133,0 104.91535920,21.69813133,0 104.91531181,21.69810564,0 104.91531181,21.69810564,0 104.91537882,21.69804894,0 104.91537882,21.69804894,0 104.91545872,21.69802230,0 104.91545872,21.69802230,0 104.91548132,21.69801523,0 104.91548132,21.69801523,0 104.91566647,21.69798750,0 104.91566647,21.69798750,0 104.91574570,21.69788446,0 104.91574570,21.69788446,0 104.91581501,21.69781475,0 104.91581501,21.69781475,0 104.91591438,21.69774402,0 104.91591438,21.69774402,0 104.91597633,21.69774251,0 104.91597633,21.69774251,0 104.91602497,21.69776296,0 104.91602497,21.69776296,0 104.91607029,21.69784638,0 104.91299961,21.69895776,0</coordinates></LinearRing></outerBoundaryIs></Polygon></Placemark>
<Placemark><name>CCN Tây Cầu Mậu A</name><styleUrl>#ccn</styleUrl><description><![CDATA[<h3>CCN Tây Cầu Mậu A</h3><table border='0' cellpadding='3'><tr><td><b>Loại</b></td><td>Cụm công nghiệp</td></tr><tr><td><b>Xã/phường</b></td><td>Xã Mậu A</td></tr><tr><td><b>Diện tích quy hoạch</b></td><td>35 ha</td></tr><tr><td><b>Diện tích tính từ tọa độ</b></td><td>16.23 ha</td></tr><tr><td><b>Tình trạng</b></td><td>Đã thành lập</td></tr><tr><td><b>Số đỉnh ranh giới</b></td><td>22</td></tr></table><p style='font-size:11px;color:#666'>◆ Nguồn KMZ/CAD 2025 (ranh tạm, đối chiếu hồ sơ)</p>]]></description><ExtendedData><Data name='loai'><value>CCN</value></Data><Data name='ten'><value>Tây Cầu Mậu A</value></Data><Data name='xa_phuong'><value>Xã Mậu A</value></Data><Data name='dien_tich_qh_ha'><value>35</value></Data><Data name='dien_tich_tinh_ha'><value>16.23</value></Data><Data name='tinh_trang'><value>Đã thành lập</value></Data><Data name='so_dinh'><value>22</value></Data></ExtendedData><Polygon><tessellate>1</tessellate><outerBoundaryIs><LinearRing><coordinates>104.66495865,21.88589039,0 104.66495800,21.88697721,0 104.66495800,21.88697721,0 104.66738197,21.88705259,0 104.66738197,21.88705259,0 104.66834791,21.88699265,0 104.66834791,21.88699265,0 104.66965670,21.88662389,0 104.66965670,21.88662389,0 104.67037095,21.88634722,0 104.67037095,21.88634722,0 104.67191154,21.88573776,0 104.67191154,21.88573776,0 104.67002274,21.88343477,0 104.67002274,21.88343477,0 104.66868779,21.88424185,0 104.66868779,21.88424185,0 104.66815944,21.88435756,0 104.66815944,21.88435756,0 104.66548447,21.88563460,0 104.66548447,21.88563460,0 104.66495865,21.88589039,0 104.66495865,21.88589039,0</coordinates></LinearRing></outerBoundaryIs></Polygon></Placemark>
</Folder>
</Document>
</kml>
